config,label,example_id,level,language,actual,pred1,pred2,top1_correct,top2_correct,reciprocal_rank,correct_position,processing_time_s,detected_count,gt_detected_anywhere,all_detected_types
diff_eval,Diff Eval (9B),SRP_1,EASY,JAVA,SRP,SRP,DIP,True,True,1.0000,1,154.1600,3.0000,True,"SRP,OCP,DIP"
diff_eval,Diff Eval (9B),SRP_2,EASY,JAVA,SRP,SRP,DIP,True,True,1.0000,1,150.8800,3.0000,True,"SRP,OCP,DIP"
diff_eval,Diff Eval (9B),SRP_3,EASY,JAVA,SRP,SRP,DIP,True,True,1.0000,1,173.3300,2.0000,True,"SRP,DIP"
diff_eval,Diff Eval (9B),SRP_4,EASY,JAVA,SRP,SRP,DIP,True,True,1.0000,1,207.7100,3.0000,True,"SRP,OCP,DIP"
diff_eval,Diff Eval (9B),SRP_5,MODERATE,JAVA,SRP,SRP,DIP,True,True,1.0000,1,501.3900,3.0000,True,"SRP,OCP,DIP"
diff_eval,Diff Eval (9B),SRP_6,MODERATE,JAVA,SRP,SRP,DIP,True,True,1.0000,1,674.7100,4.0000,True,"SRP,OCP,ISP,DIP"
diff_eval,Diff Eval (9B),SRP_7,MODERATE,JAVA,SRP,SRP,DIP,True,True,1.0000,1,567.0700,3.0000,True,"SRP,OCP,DIP"
diff_eval,Diff Eval (9B),SRP_8,MODERATE,JAVA,SRP,SRP,DIP,True,True,1.0000,1,498.3900,3.0000,True,"SRP,OCP,DIP"
diff_eval,Diff Eval (9B),SRP_9,HARD,JAVA,SRP,SRP,DIP,True,True,1.0000,1,759.2200,4.0000,True,"SRP,OCP,ISP,DIP"
diff_eval,Diff Eval (9B),SRP_10,HARD,JAVA,SRP,DIP,SRP,False,True,0.5000,2,752.1000,4.0000,True,"SRP,OCP,ISP,DIP"
diff_eval,Diff Eval (9B),SRP_11,HARD,JAVA,SRP,SRP,DIP,True,True,1.0000,1,770.1600,3.0000,True,"SRP,OCP,DIP"
diff_eval,Diff Eval (9B),SRP_12,HARD,JAVA,SRP,SRP,DIP,True,True,1.0000,1,626.0700,4.0000,True,"SRP,OCP,ISP,DIP"
diff_eval,Diff Eval (9B),SRP_13,EASY,PYTHON,SRP,SRP,DIP,True,True,1.0000,1,133.2700,3.0000,True,"SRP,OCP,DIP"
diff_eval,Diff Eval (9B),SRP_14,EASY,PYTHON,SRP,SRP,OCP,True,True,1.0000,1,137.0300,3.0000,True,"SRP,OCP,DIP"
diff_eval,Diff Eval (9B),SRP_15,EASY,PYTHON,SRP,SRP,DIP,True,True,1.0000,1,144.7000,3.0000,True,"SRP,OCP,DIP"
diff_eval,Diff Eval (9B),SRP_16,EASY,PYTHON,SRP,SRP,DIP,True,True,1.0000,1,143.8300,3.0000,True,"SRP,OCP,DIP"
diff_eval,Diff Eval (9B),SRP_17,MODERATE,PYTHON,SRP,SRP,DIP,True,True,1.0000,1,366.5100,4.0000,True,"SRP,OCP,ISP,DIP"
diff_eval,Diff Eval (9B),SRP_18,MODERATE,PYTHON,SRP,SRP,DIP,True,True,1.0000,1,639.5500,4.0000,True,"SRP,OCP,ISP,DIP"
diff_eval,Diff Eval (9B),SRP_19,MODERATE,PYTHON,SRP,DIP,OCP,False,False,0.0000,0,578.4600,2.0000,False,"OCP,DIP"
diff_eval,Diff Eval (9B),SRP_20,MODERATE,PYTHON,SRP,SRP,DIP,True,True,1.0000,1,392.2400,4.0000,True,"SRP,OCP,ISP,DIP"
diff_eval,Diff Eval (9B),SRP_21,HARD,PYTHON,SRP,SRP,DIP,True,True,1.0000,1,662.9600,3.0000,True,"SRP,OCP,DIP"
diff_eval,Diff Eval (9B),SRP_22,HARD,PYTHON,SRP,SRP,DIP,True,True,1.0000,1,755.9000,4.0000,True,"SRP,OCP,ISP,DIP"
diff_eval,Diff Eval (9B),SRP_23,HARD,PYTHON,SRP,DIP,SRP,False,True,0.5000,2,747.0300,3.0000,True,"SRP,OCP,DIP"
diff_eval,Diff Eval (9B),SRP_24,HARD,PYTHON,SRP,SRP,DIP,True,True,1.0000,1,743.4600,4.0000,True,"SRP,OCP,ISP,DIP"
diff_eval,Diff Eval (9B),SRP_25,EASY,KOTLIN,SRP,SRP,DIP,True,True,1.0000,1,118.5600,3.0000,True,"SRP,OCP,DIP"
diff_eval,Diff Eval (9B),SRP_26,EASY,KOTLIN,SRP,SRP,OCP,True,True,1.0000,1,141.5000,3.0000,True,"SRP,OCP,DIP"
diff_eval,Diff Eval (9B),SRP_27,EASY,KOTLIN,SRP,SRP,DIP,True,True,1.0000,1,141.3300,3.0000,True,"SRP,OCP,DIP"
diff_eval,Diff Eval (9B),SRP_28,EASY,KOTLIN,SRP,SRP,DIP,True,True,1.0000,1,130.7000,4.0000,True,"SRP,OCP,LSP,DIP"
diff_eval,Diff Eval (9B),SRP_29,MODERATE,KOTLIN,SRP,SRP,DIP,True,True,1.0000,1,347.1600,3.0000,True,"SRP,OCP,DIP"
diff_eval,Diff Eval (9B),SRP_30,MODERATE,KOTLIN,SRP,SRP,DIP,True,True,1.0000,1,516.9200,3.0000,True,"SRP,OCP,DIP"
diff_eval,Diff Eval (9B),SRP_31,MODERATE,KOTLIN,SRP,SRP,DIP,True,True,1.0000,1,507.9300,5.0000,True,"SRP,OCP,LSP,ISP,DIP"
diff_eval,Diff Eval (9B),SRP_32,MODERATE,KOTLIN,SRP,SRP,DIP,True,True,1.0000,1,343.4200,3.0000,True,"SRP,OCP,DIP"
diff_eval,Diff Eval (9B),SRP_33,HARD,KOTLIN,SRP,SRP,DIP,True,True,1.0000,1,707.2100,4.0000,True,"SRP,OCP,ISP,DIP"
diff_eval,Diff Eval (9B),SRP_34,HARD,KOTLIN,SRP,SRP,DIP,True,True,1.0000,1,750.9600,4.0000,True,"SRP,OCP,ISP,DIP"
diff_eval,Diff Eval (9B),SRP_35,HARD,KOTLIN,SRP,SRP,DIP,True,True,1.0000,1,747.6700,4.0000,True,"SRP,OCP,ISP,DIP"
diff_eval,Diff Eval (9B),SRP_36,HARD,KOTLIN,SRP,SRP,DIP,True,True,1.0000,1,637.8600,3.0000,True,"SRP,OCP,DIP"
diff_eval,Diff Eval (9B),SRP_37,EASY,CSHARP,SRP,SRP,DIP,True,True,1.0000,1,157.3400,3.0000,True,"SRP,OCP,DIP"
diff_eval,Diff Eval (9B),SRP_38,EASY,CSHARP,SRP,SRP,DIP,True,True,1.0000,1,183.5500,3.0000,True,"SRP,OCP,DIP"
diff_eval,Diff Eval (9B),SRP_39,EASY,CSHARP,SRP,SRP,DIP,True,True,1.0000,1,167.2700,3.0000,True,"SRP,OCP,DIP"
diff_eval,Diff Eval (9B),SRP_40,EASY,CSHARP,SRP,SRP,DIP,True,True,1.0000,1,150.7900,3.0000,True,"SRP,OCP,DIP"
diff_eval,Diff Eval (9B),SRP_41,MODERATE,CSHARP,SRP,SRP,DIP,True,True,1.0000,1,452.4800,3.0000,True,"SRP,OCP,DIP"
diff_eval,Diff Eval (9B),SRP_42,MODERATE,CSHARP,SRP,SRP,DIP,True,True,1.0000,1,589.3800,4.0000,True,"SRP,OCP,ISP,DIP"
diff_eval,Diff Eval (9B),SRP_43,MODERATE,CSHARP,SRP,SRP,DIP,True,True,1.0000,1,618.1800,3.0000,True,"SRP,OCP,DIP"
diff_eval,Diff Eval (9B),SRP_44,MODERATE,CSHARP,SRP,DIP,SRP,False,True,0.5000,2,469.2600,4.0000,True,"SRP,OCP,LSP,DIP"
diff_eval,Diff Eval (9B),SRP_45,HARD,CSHARP,SRP,LSP,ISP,False,False,0.0000,0,756.6300,4.0000,False,"OCP,LSP,ISP,DIP"
diff_eval,Diff Eval (9B),SRP_46,HARD,CSHARP,SRP,DIP,SRP,False,True,0.5000,2,743.4000,3.0000,True,"SRP,OCP,DIP"
diff_eval,Diff Eval (9B),SRP_47,HARD,CSHARP,SRP,SRP,DIP,True,True,1.0000,1,752.8600,2.0000,True,"SRP,DIP"
diff_eval,Diff Eval (9B),SRP_48,HARD,CSHARP,SRP,SRP,DIP,True,True,1.0000,1,600.5800,4.0000,True,"SRP,OCP,ISP,DIP"
diff_eval,Diff Eval (9B),OCP_1,EASY,CSHARP,OCP,OCP,DIP,True,True,1.0000,1,450.0700,4.0000,True,"SRP,OCP,LSP,DIP"
diff_eval,Diff Eval (9B),OCP_2,EASY,CSHARP,OCP,OCP,DIP,True,True,1.0000,1,198.7900,4.0000,True,"SRP,OCP,LSP,DIP"
diff_eval,Diff Eval (9B),OCP_3,EASY,CSHARP,OCP,OCP,SRP,True,True,1.0000,1,206.6500,3.0000,True,"SRP,OCP,DIP"
diff_eval,Diff Eval (9B),OCP_4,EASY,CSHARP,OCP,OCP,DIP,True,True,1.0000,1,228.6200,4.0000,True,"SRP,OCP,LSP,DIP"
diff_eval,Diff Eval (9B),OCP_5,HARD,CSHARP,OCP,SRP,DIP,False,False,0.0000,0,656.6200,5.0000,True,"SRP,OCP,LSP,ISP,DIP"
diff_eval,Diff Eval (9B),OCP_6,HARD,CSHARP,OCP,SRP,DIP,False,False,0.0000,0,764.2500,3.0000,True,"SRP,OCP,DIP"
diff_eval,Diff Eval (9B),OCP_7,HARD,CSHARP,OCP,SRP,DIP,False,False,0.0000,0,561.7900,4.0000,True,"SRP,OCP,ISP,DIP"
diff_eval,Diff Eval (9B),OCP_8,HARD,CSHARP,OCP,SRP,DIP,False,False,0.0000,0,520.4500,4.0000,True,"SRP,OCP,ISP,DIP"
diff_eval,Diff Eval (9B),OCP_9,MODERATE,CSHARP,OCP,OCP,DIP,True,True,1.0000,1,464.3100,5.0000,True,"SRP,OCP,LSP,ISP,DIP"
diff_eval,Diff Eval (9B),OCP_10,MODERATE,CSHARP,OCP,OCP,SRP,True,True,1.0000,1,960.7300,3.0000,True,"SRP,OCP,LSP"
diff_eval,Diff Eval (9B),OCP_11,MODERATE,CSHARP,OCP,SRP,DIP,False,False,0.0000,0,775.3700,4.0000,True,"SRP,OCP,LSP,DIP"
diff_eval,Diff Eval (9B),OCP_12,MODERATE,CSHARP,OCP,SRP,OCP,False,True,0.5000,2,684.9600,4.0000,True,"SRP,OCP,ISP,DIP"
diff_eval,Diff Eval (9B),OCP_13,EASY,JAVA,OCP,,,False,False,0.0000,0,199.9000,0.0000,False,
diff_eval,Diff Eval (9B),OCP_14,EASY,JAVA,OCP,OCP,LSP,True,True,1.0000,1,228.6800,2.0000,True,"OCP,LSP"
diff_eval,Diff Eval (9B),OCP_15,EASY,JAVA,OCP,OCP,SRP,True,True,1.0000,1,190.6700,4.0000,True,"SRP,OCP,LSP,DIP"
diff_eval,Diff Eval (9B),OCP_16,EASY,JAVA,OCP,OCP,DIP,True,True,1.0000,1,237.1800,4.0000,True,"SRP,OCP,LSP,DIP"
diff_eval,Diff Eval (9B),OCP_17,HARD,JAVA,OCP,DIP,OCP,False,True,0.5000,2,692.5000,3.0000,True,"OCP,ISP,DIP"
diff_eval,Diff Eval (9B),OCP_18,HARD,JAVA,OCP,SRP,DIP,False,False,0.0000,0,736.0900,3.0000,True,"SRP,OCP,DIP"
diff_eval,Diff Eval (9B),OCP_19,HARD,JAVA,OCP,SRP,DIP,False,False,0.0000,0,569.3100,3.0000,True,"SRP,OCP,DIP"
diff_eval,Diff Eval (9B),OCP_20,HARD,JAVA,OCP,OCP,ISP,True,True,1.0000,1,647.5100,3.0000,True,"OCP,ISP,DIP"
diff_eval,Diff Eval (9B),OCP_21,MODERATE,JAVA,OCP,DIP,OCP,False,True,0.5000,2,646.0900,4.0000,True,"SRP,OCP,LSP,DIP"
diff_eval,Diff Eval (9B),OCP_22,MODERATE,JAVA,OCP,OCP,DIP,True,True,1.0000,1,405.2100,3.0000,True,"OCP,LSP,DIP"
diff_eval,Diff Eval (9B),OCP_23,MODERATE,JAVA,OCP,OCP,DIP,True,True,1.0000,1,818.8200,3.0000,True,"SRP,OCP,DIP"
diff_eval,Diff Eval (9B),OCP_24,MODERATE,JAVA,OCP,OCP,DIP,True,True,1.0000,1,725.8800,4.0000,True,"SRP,OCP,ISP,DIP"
diff_eval,Diff Eval (9B),OCP_25,EASY,KOTLIN,OCP,OCP,DIP,True,True,1.0000,1,142.4700,4.0000,True,"SRP,OCP,ISP,DIP"
diff_eval,Diff Eval (9B),OCP_26,EASY,KOTLIN,OCP,OCP,SRP,True,True,1.0000,1,174.0000,3.0000,True,"SRP,OCP,DIP"
diff_eval,Diff Eval (9B),OCP_27,EASY,KOTLIN,OCP,OCP,LSP,True,True,1.0000,1,174.9800,3.0000,True,"OCP,LSP,DIP"
diff_eval,Diff Eval (9B),OCP_28,EASY,KOTLIN,OCP,OCP,DIP,True,True,1.0000,1,197.6300,4.0000,True,"OCP,LSP,ISP,DIP"
diff_eval,Diff Eval (9B),OCP_29,HARD,KOTLIN,OCP,OCP,DIP,True,True,1.0000,1,823.9400,4.0000,True,"SRP,OCP,ISP,DIP"
diff_eval,Diff Eval (9B),OCP_30,HARD,KOTLIN,OCP,DIP,OCP,False,True,0.5000,2,683.9100,2.0000,True,"OCP,DIP"
diff_eval,Diff Eval (9B),OCP_31,HARD,KOTLIN,OCP,OCP,DIP,True,True,1.0000,1,682.1800,2.0000,True,"OCP,DIP"
diff_eval,Diff Eval (9B),OCP_32,HARD,KOTLIN,OCP,SRP,DIP,False,False,0.0000,0,730.4600,4.0000,True,"SRP,OCP,ISP,DIP"
diff_eval,Diff Eval (9B),OCP_33,MODERATE,KOTLIN,OCP,DIP,OCP,False,True,0.5000,2,399.6300,4.0000,True,"SRP,OCP,LSP,DIP"
diff_eval,Diff Eval (9B),OCP_34,MODERATE,KOTLIN,OCP,OCP,DIP,True,True,1.0000,1,322.2900,2.0000,True,"OCP,DIP"
diff_eval,Diff Eval (9B),OCP_35,MODERATE,KOTLIN,OCP,SRP,DIP,False,False,0.0000,0,749.2200,3.0000,True,"SRP,OCP,DIP"
diff_eval,Diff Eval (9B),OCP_36,MODERATE,KOTLIN,OCP,SRP,OCP,False,True,0.5000,2,636.2600,5.0000,True,"SRP,OCP,LSP,ISP,DIP"
diff_eval,Diff Eval (9B),OCP_37,EASY,PYTHON,OCP,OCP,DIP,True,True,1.0000,1,186.1500,4.0000,True,"SRP,OCP,LSP,DIP"
diff_eval,Diff Eval (9B),OCP_38,EASY,PYTHON,OCP,OCP,DIP,True,True,1.0000,1,199.3900,2.0000,True,"OCP,DIP"
diff_eval,Diff Eval (9B),OCP_39,EASY,PYTHON,OCP,OCP,DIP,True,True,1.0000,1,193.0100,3.0000,True,"SRP,OCP,DIP"
diff_eval,Diff Eval (9B),OCP_40,EASY,PYTHON,OCP,OCP,SRP,True,True,1.0000,1,201.9500,5.0000,True,"SRP,OCP,LSP,ISP,DIP"
diff_eval,Diff Eval (9B),OCP_41,HARD,PYTHON,OCP,OCP,DIP,True,True,1.0000,1,788.6300,3.0000,True,"OCP,ISP,DIP"
diff_eval,Diff Eval (9B),OCP_42,HARD,PYTHON,OCP,OCP,SRP,True,True,1.0000,1,737.6400,4.0000,True,"SRP,OCP,ISP,DIP"
diff_eval,Diff Eval (9B),OCP_43,HARD,PYTHON,OCP,SRP,DIP,False,False,0.0000,0,745.4300,2.0000,False,"SRP,DIP"
diff_eval,Diff Eval (9B),OCP_44,HARD,PYTHON,OCP,SRP,DIP,False,False,0.0000,0,715.0900,4.0000,True,"SRP,OCP,ISP,DIP"
diff_eval,Diff Eval (9B),OCP_45,MODERATE,PYTHON,OCP,OCP,DIP,True,True,1.0000,1,426.8400,3.0000,True,"SRP,OCP,DIP"
diff_eval,Diff Eval (9B),OCP_46,MODERATE,PYTHON,OCP,OCP,DIP,True,True,1.0000,1,355.1800,3.0000,True,"OCP,ISP,DIP"
diff_eval,Diff Eval (9B),OCP_47,MODERATE,PYTHON,OCP,SRP,OCP,False,True,0.5000,2,646.9800,3.0000,True,"SRP,OCP,DIP"
diff_eval,Diff Eval (9B),OCP_48,MODERATE,PYTHON,OCP,,,False,False,0.0000,0,644.2200,0.0000,False,
diff_eval,Diff Eval (9B),LSP_1,EASY,JAVA,LSP,LSP,DIP,True,True,1.0000,1,127.8700,3.0000,True,"SRP,LSP,DIP"
diff_eval,Diff Eval (9B),LSP_2,EASY,PYTHON,LSP,LSP,DIP,True,True,1.0000,1,117.3900,4.0000,True,"OCP,LSP,ISP,DIP"
diff_eval,Diff Eval (9B),LSP_3,EASY,KOTLIN,LSP,LSP,DIP,True,True,1.0000,1,134.6300,4.0000,True,"SRP,OCP,LSP,DIP"
diff_eval,Diff Eval (9B),LSP_4,EASY,C#,LSP,LSP,ISP,True,True,1.0000,1,130.5000,5.0000,True,"SRP,OCP,LSP,ISP,DIP"
diff_eval,Diff Eval (9B),LSP_5,MODERATE,JAVA,LSP,LSP,ISP,True,True,1.0000,1,279.5700,5.0000,True,"SRP,OCP,LSP,ISP,DIP"
diff_eval,Diff Eval (9B),LSP_6,MODERATE,PYTHON,LSP,LSP,ISP,True,True,1.0000,1,248.5700,4.0000,True,"OCP,LSP,ISP,DIP"
diff_eval,Diff Eval (9B),LSP_7,MODERATE,KOTLIN,LSP,LSP,ISP,True,True,1.0000,1,236.0200,5.0000,True,"SRP,OCP,LSP,ISP,DIP"
diff_eval,Diff Eval (9B),LSP_8,MODERATE,C#,LSP,LSP,ISP,True,True,1.0000,1,274.9000,5.0000,True,"SRP,OCP,LSP,ISP,DIP"
diff_eval,Diff Eval (9B),LSP_9,HARD,JAVA,LSP,ISP,LSP,False,True,0.5000,2,670.9400,4.0000,True,"SRP,LSP,ISP,DIP"
diff_eval,Diff Eval (9B),LSP_10,HARD,PYTHON,LSP,LSP,ISP,True,True,1.0000,1,619.5300,3.0000,True,"LSP,ISP,DIP"
diff_eval,Diff Eval (9B),LSP_11,HARD,KOTLIN,LSP,LSP,ISP,True,True,1.0000,1,510.7700,5.0000,True,"SRP,OCP,LSP,ISP,DIP"
diff_eval,Diff Eval (9B),LSP_12,HARD,C#,LSP,LSP,ISP,True,True,1.0000,1,612.0700,3.0000,True,"LSP,ISP,DIP"
diff_eval,Diff Eval (9B),LSP_13,EASY,JAVA,LSP,LSP,DIP,True,True,1.0000,1,145.4200,2.0000,True,"LSP,DIP"
diff_eval,Diff Eval (9B),LSP_14,EASY,PYTHON,LSP,LSP,SRP,True,True,1.0000,1,140.1300,3.0000,True,"SRP,LSP,DIP"
diff_eval,Diff Eval (9B),LSP_15,EASY,KOTLIN,LSP,LSP,SRP,True,True,1.0000,1,142.3300,3.0000,True,"SRP,LSP,DIP"
diff_eval,Diff Eval (9B),LSP_16,EASY,C#,LSP,LSP,SRP,True,True,1.0000,1,146.7600,3.0000,True,"SRP,LSP,DIP"
diff_eval,Diff Eval (9B),LSP_17,MODERATE,JAVA,LSP,LSP,ISP,True,True,1.0000,1,308.1000,4.0000,True,"SRP,LSP,ISP,DIP"
diff_eval,Diff Eval (9B),LSP_18,MODERATE,PYTHON,LSP,SRP,LSP,False,True,0.5000,2,276.3800,3.0000,True,"SRP,LSP,ISP"
diff_eval,Diff Eval (9B),LSP_19,MODERATE,KOTLIN,LSP,LSP,ISP,True,True,1.0000,1,256.5200,3.0000,True,"LSP,ISP,DIP"
diff_eval,Diff Eval (9B),LSP_20,MODERATE,C#,LSP,ISP,LSP,False,True,0.5000,2,344.1800,3.0000,True,"LSP,ISP,DIP"
diff_eval,Diff Eval (9B),LSP_21,HARD,JAVA,LSP,LSP,ISP,True,True,1.0000,1,567.3100,3.0000,True,"LSP,ISP,DIP"
diff_eval,Diff Eval (9B),LSP_22,HARD,PYTHON,LSP,LSP,ISP,True,True,1.0000,1,568.0600,3.0000,True,"LSP,ISP,DIP"
diff_eval,Diff Eval (9B),LSP_23,HARD,KOTLIN,LSP,LSP,ISP,True,True,1.0000,1,572.5500,4.0000,True,"OCP,LSP,ISP,DIP"
diff_eval,Diff Eval (9B),LSP_24,HARD,C#,LSP,LSP,SRP,True,True,1.0000,1,740.2300,4.0000,True,"SRP,LSP,ISP,DIP"
diff_eval,Diff Eval (9B),LSP_25,EASY,JAVA,LSP,DIP,SRP,False,False,0.0000,0,193.6500,3.0000,False,"SRP,OCP,DIP"
diff_eval,Diff Eval (9B),LSP_26,EASY,PYTHON,LSP,SRP,DIP,False,False,0.0000,0,155.2600,3.0000,False,"SRP,OCP,DIP"
diff_eval,Diff Eval (9B),LSP_27,EASY,KOTLIN,LSP,DIP,OCP,False,False,0.0000,0,150.9000,3.0000,False,"SRP,OCP,DIP"
diff_eval,Diff Eval (9B),LSP_28,EASY,C#,LSP,DIP,OCP,False,False,0.0000,0,201.7600,3.0000,False,"SRP,OCP,DIP"
diff_eval,Diff Eval (9B),LSP_29,MODERATE,JAVA,LSP,DIP,OCP,False,False,0.0000,0,377.9600,2.0000,False,"OCP,DIP"
diff_eval,Diff Eval (9B),LSP_30,MODERATE,PYTHON,LSP,LSP,OCP,True,True,1.0000,1,379.6000,3.0000,True,"OCP,LSP,DIP"
diff_eval,Diff Eval (9B),LSP_31,MODERATE,KOTLIN,LSP,LSP,ISP,True,True,1.0000,1,353.7400,3.0000,True,"LSP,ISP,DIP"
diff_eval,Diff Eval (9B),LSP_32,MODERATE,C#,LSP,LSP,ISP,True,True,1.0000,1,426.0700,5.0000,True,"SRP,OCP,LSP,ISP,DIP"
diff_eval,Diff Eval (9B),LSP_33,HARD,JAVA,LSP,SRP,DIP,False,False,0.0000,0,716.6400,2.0000,False,"SRP,DIP"
diff_eval,Diff Eval (9B),LSP_34,HARD,PYTHON,LSP,SRP,DIP,False,False,0.0000,0,799.8000,3.0000,False,"SRP,ISP,DIP"
diff_eval,Diff Eval (9B),LSP_35,HARD,KOTLIN,LSP,SRP,DIP,False,False,0.0000,0,830.7900,4.0000,True,"SRP,OCP,LSP,DIP"
diff_eval,Diff Eval (9B),LSP_36,HARD,C#,LSP,SRP,DIP,False,False,0.0000,0,849.4600,3.0000,False,"SRP,OCP,DIP"
diff_eval,Diff Eval (9B),LSP_37,EASY,JAVA,LSP,LSP,ISP,True,True,1.0000,1,162.9600,3.0000,True,"SRP,LSP,ISP"
diff_eval,Diff Eval (9B),LSP_38,EASY,PYTHON,LSP,LSP,ISP,True,True,1.0000,1,144.0800,2.0000,True,"LSP,ISP"
diff_eval,Diff Eval (9B),LSP_39,EASY,KOTLIN,LSP,LSP,ISP,True,True,1.0000,1,133.8700,3.0000,True,"LSP,ISP,DIP"
diff_eval,Diff Eval (9B),LSP_40,EASY,C#,LSP,LSP,ISP,True,True,1.0000,1,153.8300,3.0000,True,"LSP,ISP,DIP"
diff_eval,Diff Eval (9B),LSP_41,MODERATE,JAVA,LSP,LSP,ISP,True,True,1.0000,1,259.7900,3.0000,True,"LSP,ISP,DIP"
diff_eval,Diff Eval (9B),LSP_42,MODERATE,PYTHON,LSP,LSP,ISP,True,True,1.0000,1,246.9400,2.0000,True,"LSP,ISP"
diff_eval,Diff Eval (9B),LSP_43,MODERATE,KOTLIN,LSP,LSP,SRP,True,True,1.0000,1,234.1100,4.0000,True,"SRP,LSP,ISP,DIP"
diff_eval,Diff Eval (9B),LSP_44,MODERATE,C#,LSP,LSP,ISP,True,True,1.0000,1,303.6500,3.0000,True,"LSP,ISP,DIP"
diff_eval,Diff Eval (9B),LSP_45,HARD,JAVA,LSP,ISP,LSP,False,True,0.5000,2,613.1400,4.0000,True,"SRP,LSP,ISP,DIP"
diff_eval,Diff Eval (9B),LSP_46,HARD,PYTHON,LSP,LSP,ISP,True,True,1.0000,1,506.7200,2.0000,True,"LSP,ISP"
diff_eval,Diff Eval (9B),LSP_47,HARD,KOTLIN,LSP,LSP,ISP,True,True,1.0000,1,534.8200,4.0000,True,"SRP,LSP,ISP,DIP"
diff_eval,Diff Eval (9B),LSP_48,HARD,C#,LSP,LSP,ISP,True,True,1.0000,1,616.3400,4.0000,True,"SRP,LSP,ISP,DIP"
diff_eval,Diff Eval (9B),ISP_1,EASY,CSHARP,ISP,ISP,LSP,True,True,1.0000,1,275.3000,4.0000,True,"SRP,LSP,ISP,DIP"
diff_eval,Diff Eval (9B),ISP_2,EASY,CSHARP,ISP,LSP,ISP,False,True,0.5000,2,299.7900,5.0000,True,"SRP,OCP,LSP,ISP,DIP"
diff_eval,Diff Eval (9B),ISP_3,EASY,CSHARP,ISP,ISP,SRP,True,True,1.0000,1,207.2700,4.0000,True,"SRP,OCP,LSP,ISP"
diff_eval,Diff Eval (9B),ISP_4,EASY,CSHARP,ISP,ISP,LSP,True,True,1.0000,1,166.4100,3.0000,True,"SRP,LSP,ISP"
diff_eval,Diff Eval (9B),ISP_5,HARD,CSHARP,ISP,SRP,ISP,False,True,0.5000,2,754.8400,4.0000,True,"SRP,LSP,ISP,DIP"
diff_eval,Diff Eval (9B),ISP_6,HARD,CSHARP,ISP,LSP,ISP,False,True,0.5000,2,739.3200,3.0000,True,"LSP,ISP,DIP"
diff_eval,Diff Eval (9B),ISP_7,HARD,CSHARP,ISP,ISP,DIP,True,True,1.0000,1,649.1900,2.0000,True,"ISP,DIP"
diff_eval,Diff Eval (9B),ISP_8,HARD,CSHARP,ISP,LSP,ISP,False,True,0.5000,2,819.8100,3.0000,True,"OCP,LSP,ISP"
diff_eval,Diff Eval (9B),ISP_9,MODERATE,CSHARP,ISP,ISP,LSP,True,True,1.0000,1,544.9900,3.0000,True,"LSP,ISP,DIP"
diff_eval,Diff Eval (9B),ISP_10,MODERATE,CSHARP,ISP,LSP,ISP,False,True,0.5000,2,584.4200,3.0000,True,"LSP,ISP,DIP"
diff_eval,Diff Eval (9B),ISP_11,MODERATE,CSHARP,ISP,ISP,SRP,True,True,1.0000,1,310.8400,5.0000,True,"SRP,OCP,LSP,ISP,DIP"
diff_eval,Diff Eval (9B),ISP_12,MODERATE,CSHARP,ISP,ISP,LSP,True,True,1.0000,1,505.1700,4.0000,True,"SRP,LSP,ISP,DIP"
diff_eval,Diff Eval (9B),ISP_13,EASY,JAVA,ISP,ISP,LSP,True,True,1.0000,1,242.9700,3.0000,True,"LSP,ISP,DIP"
diff_eval,Diff Eval (9B),ISP_14,EASY,JAVA,ISP,LSP,ISP,False,True,0.5000,2,299.5900,3.0000,True,"LSP,ISP,DIP"
diff_eval,Diff Eval (9B),ISP_15,EASY,JAVA,ISP,ISP,OCP,True,True,1.0000,1,194.1900,2.0000,True,"OCP,ISP"
diff_eval,Diff Eval (9B),ISP_16,EASY,JAVA,ISP,ISP,LSP,True,True,1.0000,1,141.3700,2.0000,True,"LSP,ISP"
diff_eval,Diff Eval (9B),ISP_17,HARD,JAVA,ISP,LSP,ISP,False,True,0.5000,2,791.3100,5.0000,True,"SRP,OCP,LSP,ISP,DIP"
diff_eval,Diff Eval (9B),ISP_18,HARD,JAVA,ISP,ISP,DIP,True,True,1.0000,1,797.0100,4.0000,True,"OCP,LSP,ISP,DIP"
diff_eval,Diff Eval (9B),ISP_19,HARD,JAVA,ISP,ISP,OCP,True,True,1.0000,1,701.6800,3.0000,True,"OCP,ISP,DIP"
diff_eval,Diff Eval (9B),ISP_20,HARD,JAVA,ISP,ISP,DIP,True,True,1.0000,1,745.3600,4.0000,True,"SRP,OCP,ISP,DIP"
diff_eval,Diff Eval (9B),ISP_21,MODERATE,JAVA,ISP,ISP,LSP,True,True,1.0000,1,529.8000,4.0000,True,"SRP,LSP,ISP,DIP"
diff_eval,Diff Eval (9B),ISP_22,MODERATE,JAVA,ISP,ISP,LSP,True,True,1.0000,1,588.3300,2.0000,True,"LSP,ISP"
diff_eval,Diff Eval (9B),ISP_23,MODERATE,JAVA,ISP,ISP,SRP,True,True,1.0000,1,307.5300,3.0000,True,"SRP,ISP,DIP"
diff_eval,Diff Eval (9B),ISP_24,MODERATE,JAVA,ISP,ISP,LSP,True,True,1.0000,1,467.8200,4.0000,True,"SRP,LSP,ISP,DIP"
diff_eval,Diff Eval (9B),ISP_25,EASY,KOTLIN,ISP,ISP,LSP,True,True,1.0000,1,198.9400,3.0000,True,"LSP,ISP,DIP"
diff_eval,Diff Eval (9B),ISP_26,EASY,KOTLIN,ISP,LSP,ISP,False,True,0.5000,2,273.1100,4.0000,True,"SRP,LSP,ISP,DIP"
diff_eval,Diff Eval (9B),ISP_27,EASY,KOTLIN,ISP,ISP,SRP,True,True,1.0000,1,178.3900,3.0000,True,"SRP,LSP,ISP"
diff_eval,Diff Eval (9B),ISP_28,EASY,KOTLIN,ISP,ISP,LSP,True,True,1.0000,1,139.7600,3.0000,True,"LSP,ISP,DIP"
diff_eval,Diff Eval (9B),ISP_29,HARD,KOTLIN,ISP,ISP,OCP,True,True,1.0000,1,725.4500,3.0000,True,"OCP,ISP,DIP"
diff_eval,Diff Eval (9B),ISP_30,HARD,KOTLIN,ISP,ISP,LSP,True,True,1.0000,1,763.6400,3.0000,True,"LSP,ISP,DIP"
diff_eval,Diff Eval (9B),ISP_31,HARD,KOTLIN,ISP,ISP,DIP,True,True,1.0000,1,697.7500,2.0000,True,"ISP,DIP"
diff_eval,Diff Eval (9B),ISP_32,HARD,KOTLIN,ISP,ISP,LSP,True,True,1.0000,1,665.6900,4.0000,True,"SRP,LSP,ISP,DIP"
diff_eval,Diff Eval (9B),ISP_33,MODERATE,KOTLIN,ISP,ISP,LSP,True,True,1.0000,1,439.2000,3.0000,True,"LSP,ISP,DIP"
diff_eval,Diff Eval (9B),ISP_34,MODERATE,KOTLIN,ISP,LSP,ISP,False,True,0.5000,2,496.4100,3.0000,True,"LSP,ISP,DIP"
diff_eval,Diff Eval (9B),ISP_35,MODERATE,KOTLIN,ISP,ISP,SRP,True,True,1.0000,1,280.1600,3.0000,True,"SRP,LSP,ISP"
diff_eval,Diff Eval (9B),ISP_36,MODERATE,KOTLIN,ISP,,,False,False,0.0000,0,367.8300,0.0000,False,
diff_eval,Diff Eval (9B),ISP_37,EASY,PYTHON,ISP,ISP,LSP,True,True,1.0000,1,203.5800,3.0000,True,"LSP,ISP,DIP"
diff_eval,Diff Eval (9B),ISP_38,EASY,PYTHON,ISP,LSP,ISP,False,True,0.5000,2,283.2100,3.0000,True,"SRP,LSP,ISP"
diff_eval,Diff Eval (9B),ISP_39,EASY,PYTHON,ISP,ISP,SRP,True,True,1.0000,1,176.6600,3.0000,True,"SRP,LSP,ISP"
diff_eval,Diff Eval (9B),ISP_40,EASY,PYTHON,ISP,LSP,ISP,False,True,0.5000,2,141.2900,3.0000,True,"SRP,LSP,ISP"
diff_eval,Diff Eval (9B),ISP_41,HARD,PYTHON,ISP,ISP,OCP,True,True,1.0000,1,944.4700,2.0000,True,"OCP,ISP"
diff_eval,Diff Eval (9B),ISP_42,HARD,PYTHON,ISP,LSP,ISP,False,True,0.5000,2,751.7900,2.0000,True,"LSP,ISP"
diff_eval,Diff Eval (9B),ISP_43,HARD,PYTHON,ISP,ISP,DIP,True,True,1.0000,1,801.6700,3.0000,True,"OCP,ISP,DIP"
diff_eval,Diff Eval (9B),ISP_44,HARD,PYTHON,ISP,ISP,DIP,True,True,1.0000,1,747.3200,3.0000,True,"LSP,ISP,DIP"
diff_eval,Diff Eval (9B),ISP_45,MODERATE,PYTHON,ISP,ISP,LSP,True,True,1.0000,1,484.2100,3.0000,True,"LSP,ISP,DIP"
diff_eval,Diff Eval (9B),ISP_46,MODERATE,PYTHON,ISP,ISP,LSP,True,True,1.0000,1,554.6300,2.0000,True,"LSP,ISP"
diff_eval,Diff Eval (9B),ISP_47,MODERATE,PYTHON,ISP,ISP,,True,True,1.0000,1,280.7900,1.0000,True,ISP
diff_eval,Diff Eval (9B),ISP_48,MODERATE,PYTHON,ISP,ISP,LSP,True,True,1.0000,1,387.3100,4.0000,True,"SRP,LSP,ISP,DIP"
diff_eval,Diff Eval (9B),DIP_1,EASY,JAVA,DIP,DIP,OCP,True,True,1.0000,1,146.1500,3.0000,True,"SRP,OCP,DIP"
diff_eval,Diff Eval (9B),DIP_2,EASY,PYTHON,DIP,DIP,SRP,True,True,1.0000,1,153.9900,3.0000,True,"SRP,OCP,DIP"
diff_eval,Diff Eval (9B),DIP_3,EASY,KOTLIN,DIP,DIP,OCP,True,True,1.0000,1,137.6400,3.0000,True,"SRP,OCP,DIP"
diff_eval,Diff Eval (9B),DIP_4,EASY,C#,DIP,DIP,OCP,True,True,1.0000,1,148.5100,3.0000,True,"SRP,OCP,DIP"
diff_eval,Diff Eval (9B),DIP_5,MODERATE,JAVA,DIP,DIP,SRP,True,True,1.0000,1,267.8700,3.0000,True,"SRP,OCP,DIP"
diff_eval,Diff Eval (9B),DIP_6,MODERATE,PYTHON,DIP,SRP,DIP,False,True,0.5000,2,224.7400,3.0000,True,"SRP,ISP,DIP"
diff_eval,Diff Eval (9B),DIP_7,MODERATE,KOTLIN,DIP,,,False,False,0.0000,0,232.2300,0.0000,False,
diff_eval,Diff Eval (9B),DIP_8,MODERATE,C#,DIP,SRP,DIP,False,True,0.5000,2,279.2000,3.0000,True,"SRP,OCP,DIP"
diff_eval,Diff Eval (9B),DIP_9,HARD,JAVA,DIP,DIP,SRP,True,True,1.0000,1,566.7100,4.0000,True,"SRP,OCP,ISP,DIP"
diff_eval,Diff Eval (9B),DIP_10,HARD,PYTHON,DIP,DIP,ISP,True,True,1.0000,1,501.0400,2.0000,True,"ISP,DIP"
diff_eval,Diff Eval (9B),DIP_11,HARD,KOTLIN,DIP,SRP,DIP,False,True,0.5000,2,552.5900,4.0000,True,"SRP,OCP,ISP,DIP"
diff_eval,Diff Eval (9B),DIP_12,HARD,C#,DIP,DIP,SRP,True,True,1.0000,1,601.0500,4.0000,True,"SRP,OCP,ISP,DIP"
diff_eval,Diff Eval (9B),DIP_13,EASY,JAVA,DIP,DIP,OCP,True,True,1.0000,1,145.7800,3.0000,True,"SRP,OCP,DIP"
diff_eval,Diff Eval (9B),DIP_14,EASY,PYTHON,DIP,DIP,OCP,True,True,1.0000,1,132.1900,3.0000,True,"SRP,OCP,DIP"
diff_eval,Diff Eval (9B),DIP_15,EASY,KOTLIN,DIP,DIP,OCP,True,True,1.0000,1,131.3600,3.0000,True,"SRP,OCP,DIP"
diff_eval,Diff Eval (9B),DIP_16,EASY,C#,DIP,DIP,OCP,True,True,1.0000,1,130.0800,4.0000,True,"SRP,OCP,LSP,DIP"
diff_eval,Diff Eval (9B),DIP_17,MODERATE,JAVA,DIP,SRP,DIP,False,True,0.5000,2,228.8100,3.0000,True,"SRP,OCP,DIP"
diff_eval,Diff Eval (9B),DIP_18,MODERATE,PYTHON,DIP,SRP,DIP,False,True,0.5000,2,201.7700,5.0000,True,"SRP,OCP,LSP,ISP,DIP"
diff_eval,Diff Eval (9B),DIP_19,MODERATE,KOTLIN,DIP,OCP,DIP,False,True,0.5000,2,208.2900,4.0000,True,"SRP,OCP,LSP,DIP"
diff_eval,Diff Eval (9B),DIP_20,MODERATE,C#,DIP,DIP,OCP,True,True,1.0000,1,227.8000,2.0000,True,"OCP,DIP"
diff_eval,Diff Eval (9B),DIP_21,HARD,JAVA,DIP,OCP,DIP,False,True,0.5000,2,575.2400,3.0000,True,"SRP,OCP,DIP"
diff_eval,Diff Eval (9B),DIP_22,HARD,PYTHON,DIP,OCP,DIP,False,True,0.5000,2,553.3200,4.0000,True,"SRP,OCP,LSP,DIP"
diff_eval,Diff Eval (9B),DIP_23,HARD,KOTLIN,DIP,DIP,OCP,True,True,1.0000,1,551.1100,4.0000,True,"SRP,OCP,LSP,DIP"
diff_eval,Diff Eval (9B),DIP_24,HARD,C#,DIP,SRP,DIP,False,True,0.5000,2,586.7500,4.0000,True,"SRP,OCP,ISP,DIP"
diff_eval,Diff Eval (9B),DIP_25,EASY,JAVA,DIP,SRP,OCP,False,False,0.0000,0,173.2700,4.0000,True,"SRP,OCP,ISP,DIP"
diff_eval,Diff Eval (9B),DIP_26,EASY,PYTHON,DIP,SRP,DIP,False,True,0.5000,2,152.3400,4.0000,True,"SRP,OCP,ISP,DIP"
diff_eval,Diff Eval (9B),DIP_27,EASY,KOTLIN,DIP,DIP,SRP,True,True,1.0000,1,171.4800,4.0000,True,"SRP,OCP,ISP,DIP"
diff_eval,Diff Eval (9B),DIP_28,EASY,C#,DIP,DIP,SRP,True,True,1.0000,1,180.8500,4.0000,True,"SRP,OCP,ISP,DIP"
diff_eval,Diff Eval (9B),DIP_29,MODERATE,JAVA,DIP,OCP,DIP,False,True,0.5000,2,268.7400,3.0000,True,"OCP,ISP,DIP"
diff_eval,Diff Eval (9B),DIP_30,MODERATE,PYTHON,DIP,DIP,OCP,True,True,1.0000,1,279.8800,3.0000,True,"OCP,ISP,DIP"
diff_eval,Diff Eval (9B),DIP_31,MODERATE,KOTLIN,DIP,SRP,DIP,False,True,0.5000,2,256.4400,4.0000,True,"SRP,OCP,ISP,DIP"
diff_eval,Diff Eval (9B),DIP_32,MODERATE,C#,DIP,SRP,DIP,False,True,0.5000,2,237.2900,4.0000,True,"SRP,OCP,ISP,DIP"
diff_eval,Diff Eval (9B),DIP_33,HARD,JAVA,DIP,SRP,OCP,False,False,0.0000,0,485.5300,4.0000,True,"SRP,OCP,ISP,DIP"
diff_eval,Diff Eval (9B),DIP_34,HARD,PYTHON,DIP,DIP,ISP,True,True,1.0000,1,515.9700,2.0000,True,"ISP,DIP"
diff_eval,Diff Eval (9B),DIP_35,HARD,KOTLIN,DIP,SRP,OCP,False,False,0.0000,0,584.1200,5.0000,True,"SRP,OCP,LSP,ISP,DIP"
diff_eval,Diff Eval (9B),DIP_36,HARD,C#,DIP,SRP,DIP,False,True,0.5000,2,692.0800,3.0000,True,"SRP,OCP,DIP"
diff_eval,Diff Eval (9B),DIP_37,EASY,JAVA,DIP,DIP,SRP,True,True,1.0000,1,171.6100,3.0000,True,"SRP,OCP,DIP"
diff_eval,Diff Eval (9B),DIP_38,EASY,PYTHON,DIP,DIP,OCP,True,True,1.0000,1,133.0600,3.0000,True,"SRP,OCP,DIP"
diff_eval,Diff Eval (9B),DIP_39,EASY,KOTLIN,DIP,DIP,OCP,True,True,1.0000,1,130.6000,3.0000,True,"SRP,OCP,DIP"
diff_eval,Diff Eval (9B),DIP_40,EASY,C#,DIP,DIP,OCP,True,True,1.0000,1,147.5600,2.0000,True,"OCP,DIP"
diff_eval,Diff Eval (9B),DIP_41,MODERATE,JAVA,DIP,DIP,OCP,True,True,1.0000,1,259.7900,3.0000,True,"SRP,OCP,DIP"
diff_eval,Diff Eval (9B),DIP_42,MODERATE,PYTHON,DIP,DIP,OCP,True,True,1.0000,1,281.7600,4.0000,True,"OCP,LSP,ISP,DIP"
diff_eval,Diff Eval (9B),DIP_43,MODERATE,KOTLIN,DIP,DIP,OCP,True,True,1.0000,1,245.3100,3.0000,True,"SRP,OCP,DIP"
diff_eval,Diff Eval (9B),DIP_44,MODERATE,C#,DIP,DIP,OCP,True,True,1.0000,1,274.4700,3.0000,True,"SRP,OCP,DIP"
diff_eval,Diff Eval (9B),DIP_45,HARD,JAVA,DIP,DIP,SRP,True,True,1.0000,1,467.9000,4.0000,True,"SRP,OCP,ISP,DIP"
diff_eval,Diff Eval (9B),DIP_46,HARD,PYTHON,DIP,OCP,DIP,False,True,0.5000,2,418.0600,2.0000,True,"OCP,DIP"
diff_eval,Diff Eval (9B),DIP_47,HARD,KOTLIN,DIP,DIP,SRP,True,True,1.0000,1,443.3900,4.0000,True,"SRP,OCP,LSP,DIP"
diff_eval,Diff Eval (9B),DIP_48,HARD,C#,DIP,DIP,OCP,True,True,1.0000,1,487.5800,3.0000,True,"OCP,ISP,DIP"
single_agent,Single Agent (9B),SRP_1,EASY,JAVA,SRP,,,False,False,0.0000,0,4.2800,,,
single_agent,Single Agent (9B),SRP_2,EASY,JAVA,SRP,SRP,,True,True,1.0000,1,8.9400,,,
single_agent,Single Agent (9B),SRP_3,EASY,JAVA,SRP,,,False,False,0.0000,0,1.9800,,,
single_agent,Single Agent (9B),SRP_4,EASY,JAVA,SRP,SRP,,True,True,1.0000,1,5.9600,,,
single_agent,Single Agent (9B),SRP_5,MODERATE,JAVA,SRP,SRP,DIP,True,True,1.0000,1,8.3900,,,
single_agent,Single Agent (9B),SRP_6,MODERATE,JAVA,SRP,SRP,DIP,True,True,1.0000,1,9.6200,,,
single_agent,Single Agent (9B),SRP_7,MODERATE,JAVA,SRP,SRP,DIP,True,True,1.0000,1,11.8600,,,
single_agent,Single Agent (9B),SRP_8,MODERATE,JAVA,SRP,SRP,DIP,True,True,1.0000,1,11.0000,,,
single_agent,Single Agent (9B),SRP_9,HARD,JAVA,SRP,SRP,DIP,True,True,1.0000,1,12.6100,,,
single_agent,Single Agent (9B),SRP_10,HARD,JAVA,SRP,SRP,DIP,True,True,1.0000,1,11.6100,,,
single_agent,Single Agent (9B),SRP_11,HARD,JAVA,SRP,SRP,DIP,True,True,1.0000,1,12.5500,,,
single_agent,Single Agent (9B),SRP_12,HARD,JAVA,SRP,SRP,OCP,True,True,1.0000,1,14.3200,,,
single_agent,Single Agent (9B),SRP_13,EASY,PYTHON,SRP,,,False,False,0.0000,0,2.3300,,,
single_agent,Single Agent (9B),SRP_14,EASY,PYTHON,SRP,SRP,,True,True,1.0000,1,5.7100,,,
single_agent,Single Agent (9B),SRP_15,EASY,PYTHON,SRP,,,False,False,0.0000,0,2.8700,,,
single_agent,Single Agent (9B),SRP_16,EASY,PYTHON,SRP,SRP,,True,True,1.0000,1,6.5600,,,
single_agent,Single Agent (9B),SRP_17,MODERATE,PYTHON,SRP,SRP,DIP,True,True,1.0000,1,10.0400,,,
single_agent,Single Agent (9B),SRP_18,MODERATE,PYTHON,SRP,SRP,DIP,True,True,1.0000,1,9.6400,,,
single_agent,Single Agent (9B),SRP_19,MODERATE,PYTHON,SRP,SRP,DIP,True,True,1.0000,1,10.5100,,,
single_agent,Single Agent (9B),SRP_20,MODERATE,PYTHON,SRP,SRP,DIP,True,True,1.0000,1,6.5600,,,
single_agent,Single Agent (9B),SRP_21,HARD,PYTHON,SRP,SRP,DIP,True,True,1.0000,1,11.0000,,,
single_agent,Single Agent (9B),SRP_22,HARD,PYTHON,SRP,SRP,DIP,True,True,1.0000,1,12.1800,,,
single_agent,Single Agent (9B),SRP_23,HARD,PYTHON,SRP,SRP,DIP,True,True,1.0000,1,12.4900,,,
single_agent,Single Agent (9B),SRP_24,HARD,PYTHON,SRP,SRP,DIP,True,True,1.0000,1,11.2400,,,
single_agent,Single Agent (9B),SRP_25,EASY,KOTLIN,SRP,,,False,False,0.0000,0,2.3300,,,
single_agent,Single Agent (9B),SRP_26,EASY,KOTLIN,SRP,,,False,False,0.0000,0,4.1500,,,
single_agent,Single Agent (9B),SRP_27,EASY,KOTLIN,SRP,SRP,,True,True,1.0000,1,6.2900,,,
single_agent,Single Agent (9B),SRP_28,EASY,KOTLIN,SRP,,,False,False,0.0000,0,2.3100,,,
single_agent,Single Agent (9B),SRP_29,MODERATE,KOTLIN,SRP,SRP,DIP,True,True,1.0000,1,8.6300,,,
single_agent,Single Agent (9B),SRP_30,MODERATE,KOTLIN,SRP,SRP,DIP,True,True,1.0000,1,8.8500,,,
single_agent,Single Agent (9B),SRP_31,MODERATE,KOTLIN,SRP,SRP,,True,True,1.0000,1,9.8300,,,
single_agent,Single Agent (9B),SRP_32,MODERATE,KOTLIN,SRP,,,False,False,0.0000,0,6.6000,,,
single_agent,Single Agent (9B),SRP_33,HARD,KOTLIN,SRP,SRP,DIP,True,True,1.0000,1,12.3100,,,
single_agent,Single Agent (9B),SRP_34,HARD,KOTLIN,SRP,SRP,DIP,True,True,1.0000,1,12.6100,,,
single_agent,Single Agent (9B),SRP_35,HARD,KOTLIN,SRP,SRP,,True,True,1.0000,1,11.1300,,,
single_agent,Single Agent (9B),SRP_36,HARD,KOTLIN,SRP,SRP,OCP,True,True,1.0000,1,14.0100,,,
single_agent,Single Agent (9B),SRP_37,EASY,CSHARP,SRP,,,False,False,0.0000,0,6.0300,,,
single_agent,Single Agent (9B),SRP_38,EASY,CSHARP,SRP,SRP,,True,True,1.0000,1,8.2300,,,
single_agent,Single Agent (9B),SRP_39,EASY,CSHARP,SRP,SRP,,True,True,1.0000,1,7.6700,,,
single_agent,Single Agent (9B),SRP_40,EASY,CSHARP,SRP,SRP,,True,True,1.0000,1,7.8000,,,
single_agent,Single Agent (9B),SRP_41,MODERATE,CSHARP,SRP,SRP,DIP,True,True,1.0000,1,9.2900,,,
single_agent,Single Agent (9B),SRP_42,MODERATE,CSHARP,SRP,SRP,DIP,True,True,1.0000,1,9.5100,,,
single_agent,Single Agent (9B),SRP_43,MODERATE,CSHARP,SRP,SRP,DIP,True,True,1.0000,1,10.6400,,,
single_agent,Single Agent (9B),SRP_44,MODERATE,CSHARP,SRP,SRP,DIP,True,True,1.0000,1,10.8500,,,
single_agent,Single Agent (9B),SRP_45,HARD,CSHARP,SRP,SRP,DIP,True,True,1.0000,1,13.5600,,,
single_agent,Single Agent (9B),SRP_46,HARD,CSHARP,SRP,SRP,DIP,True,True,1.0000,1,12.8600,,,
single_agent,Single Agent (9B),SRP_47,HARD,CSHARP,SRP,SRP,DIP,True,True,1.0000,1,12.1100,,,
single_agent,Single Agent (9B),SRP_48,HARD,CSHARP,SRP,SRP,OCP,True,True,1.0000,1,11.9700,,,
single_agent,Single Agent (9B),OCP_1,EASY,CSHARP,OCP,OCP,SRP,True,True,1.0000,1,8.2400,,,
single_agent,Single Agent (9B),OCP_2,EASY,CSHARP,OCP,OCP,SRP,True,True,1.0000,1,8.4900,,,
single_agent,Single Agent (9B),OCP_3,EASY,CSHARP,OCP,OCP,SRP,True,True,1.0000,1,8.8300,,,
single_agent,Single Agent (9B),OCP_4,EASY,CSHARP,OCP,OCP,SRP,True,True,1.0000,1,6.0800,,,
single_agent,Single Agent (9B),OCP_5,HARD,CSHARP,OCP,OCP,SRP,True,True,1.0000,1,13.0200,,,
single_agent,Single Agent (9B),OCP_6,HARD,CSHARP,OCP,SRP,OCP,False,True,0.5000,2,17.3700,,,
single_agent,Single Agent (9B),OCP_7,HARD,CSHARP,OCP,SRP,OCP,False,True,0.5000,2,13.9500,,,
single_agent,Single Agent (9B),OCP_8,HARD,CSHARP,OCP,OCP,,True,True,1.0000,1,10.2400,,,
single_agent,Single Agent (9B),OCP_9,MODERATE,CSHARP,OCP,OCP,SRP,True,True,1.0000,1,9.7900,,,
single_agent,Single Agent (9B),OCP_10,MODERATE,CSHARP,OCP,OCP,SRP,True,True,1.0000,1,10.1400,,,
single_agent,Single Agent (9B),OCP_11,MODERATE,CSHARP,OCP,SRP,OCP,False,True,0.5000,2,11.5100,,,
single_agent,Single Agent (9B),OCP_12,MODERATE,CSHARP,OCP,OCP,SRP,True,True,1.0000,1,11.1900,,,
single_agent,Single Agent (9B),OCP_13,EASY,JAVA,OCP,OCP,SRP,True,True,1.0000,1,8.1400,,,
single_agent,Single Agent (9B),OCP_14,EASY,JAVA,OCP,OCP,SRP,True,True,1.0000,1,8.5500,,,
single_agent,Single Agent (9B),OCP_15,EASY,JAVA,OCP,OCP,SRP,True,True,1.0000,1,6.6700,,,
single_agent,Single Agent (9B),OCP_16,EASY,JAVA,OCP,OCP,SRP,True,True,1.0000,1,8.5200,,,
single_agent,Single Agent (9B),OCP_17,HARD,JAVA,OCP,OCP,SRP,True,True,1.0000,1,11.9100,,,
single_agent,Single Agent (9B),OCP_18,HARD,JAVA,OCP,SRP,OCP,False,True,0.5000,2,11.0200,,,
single_agent,Single Agent (9B),OCP_19,HARD,JAVA,OCP,SRP,OCP,False,True,0.5000,2,12.9500,,,
single_agent,Single Agent (9B),OCP_20,HARD,JAVA,OCP,SRP,OCP,False,True,0.5000,2,12.9700,,,
single_agent,Single Agent (9B),OCP_21,MODERATE,JAVA,OCP,OCP,SRP,True,True,1.0000,1,8.9400,,,
single_agent,Single Agent (9B),OCP_22,MODERATE,JAVA,OCP,OCP,SRP,True,True,1.0000,1,33.7800,,,
single_agent,Single Agent (9B),OCP_23,MODERATE,JAVA,OCP,SRP,OCP,False,True,0.5000,2,13.6800,,,
single_agent,Single Agent (9B),OCP_24,MODERATE,JAVA,OCP,OCP,SRP,True,True,1.0000,1,10.3700,,,
single_agent,Single Agent (9B),OCP_25,EASY,KOTLIN,OCP,OCP,SRP,True,True,1.0000,1,8.2700,,,
single_agent,Single Agent (9B),OCP_26,EASY,KOTLIN,OCP,OCP,SRP,True,True,1.0000,1,8.9200,,,
single_agent,Single Agent (9B),OCP_27,EASY,KOTLIN,OCP,OCP,SRP,True,True,1.0000,1,7.9800,,,
single_agent,Single Agent (9B),OCP_28,EASY,KOTLIN,OCP,OCP,SRP,True,True,1.0000,1,8.1900,,,
single_agent,Single Agent (9B),OCP_29,HARD,KOTLIN,OCP,OCP,SRP,True,True,1.0000,1,10.4400,,,
single_agent,Single Agent (9B),OCP_30,HARD,KOTLIN,OCP,SRP,OCP,False,True,0.5000,2,10.9800,,,
single_agent,Single Agent (9B),OCP_31,HARD,KOTLIN,OCP,SRP,OCP,False,True,0.5000,2,14.3700,,,
single_agent,Single Agent (9B),OCP_32,HARD,KOTLIN,OCP,SRP,OCP,False,True,0.5000,2,10.9500,,,
single_agent,Single Agent (9B),OCP_33,MODERATE,KOTLIN,OCP,OCP,SRP,True,True,1.0000,1,8.8100,,,
single_agent,Single Agent (9B),OCP_34,MODERATE,KOTLIN,OCP,OCP,SRP,True,True,1.0000,1,9.8100,,,
single_agent,Single Agent (9B),OCP_35,MODERATE,KOTLIN,OCP,SRP,,False,False,0.0000,0,10.6200,,,
single_agent,Single Agent (9B),OCP_36,MODERATE,KOTLIN,OCP,OCP,SRP,True,True,1.0000,1,10.4300,,,
single_agent,Single Agent (9B),OCP_37,EASY,PYTHON,OCP,OCP,SRP,True,True,1.0000,1,8.0700,,,
single_agent,Single Agent (9B),OCP_38,EASY,PYTHON,OCP,OCP,SRP,True,True,1.0000,1,7.7800,,,
single_agent,Single Agent (9B),OCP_39,EASY,PYTHON,OCP,OCP,SRP,True,True,1.0000,1,8.2300,,,
single_agent,Single Agent (9B),OCP_40,EASY,PYTHON,OCP,OCP,SRP,True,True,1.0000,1,8.1600,,,
single_agent,Single Agent (9B),OCP_41,HARD,PYTHON,OCP,OCP,SRP,True,True,1.0000,1,10.2200,,,
single_agent,Single Agent (9B),OCP_42,HARD,PYTHON,OCP,SRP,OCP,False,True,0.5000,2,15.1500,,,
single_agent,Single Agent (9B),OCP_43,HARD,PYTHON,OCP,SRP,OCP,False,True,0.5000,2,11.1100,,,
single_agent,Single Agent (9B),OCP_44,HARD,PYTHON,OCP,SRP,OCP,False,True,0.5000,2,12.0500,,,
single_agent,Single Agent (9B),OCP_45,MODERATE,PYTHON,OCP,OCP,SRP,True,True,1.0000,1,8.8900,,,
single_agent,Single Agent (9B),OCP_46,MODERATE,PYTHON,OCP,OCP,SRP,True,True,1.0000,1,13.3800,,,
single_agent,Single Agent (9B),OCP_47,MODERATE,PYTHON,OCP,OCP,SRP,True,True,1.0000,1,9.9300,,,
single_agent,Single Agent (9B),OCP_48,MODERATE,PYTHON,OCP,OCP,SRP,True,True,1.0000,1,11.5000,,,
single_agent,Single Agent (9B),LSP_1,EASY,JAVA,LSP,LSP,SRP,True,True,1.0000,1,10.1000,,,
single_agent,Single Agent (9B),LSP_2,EASY,PYTHON,LSP,LSP,SRP,True,True,1.0000,1,7.3100,,,
single_agent,Single Agent (9B),LSP_3,EASY,KOTLIN,LSP,LSP,SRP,True,True,1.0000,1,9.3400,,,
single_agent,Single Agent (9B),LSP_4,EASY,C#,LSP,LSP,SRP,True,True,1.0000,1,8.3700,,,
single_agent,Single Agent (9B),LSP_5,MODERATE,JAVA,LSP,LSP,SRP,True,True,1.0000,1,9.2000,,,
single_agent,Single Agent (9B),LSP_6,MODERATE,PYTHON,LSP,LSP,SRP,True,True,1.0000,1,10.5700,,,
single_agent,Single Agent (9B),LSP_7,MODERATE,KOTLIN,LSP,LSP,SRP,True,True,1.0000,1,9.2100,,,
single_agent,Single Agent (9B),LSP_8,MODERATE,C#,LSP,LSP,SRP,True,True,1.0000,1,8.7100,,,
single_agent,Single Agent (9B),LSP_9,HARD,JAVA,LSP,LSP,SRP,True,True,1.0000,1,12.6500,,,
single_agent,Single Agent (9B),LSP_10,HARD,PYTHON,LSP,LSP,SRP,True,True,1.0000,1,13.1200,,,
single_agent,Single Agent (9B),LSP_11,HARD,KOTLIN,LSP,LSP,SRP,True,True,1.0000,1,10.6300,,,
single_agent,Single Agent (9B),LSP_12,HARD,C#,LSP,LSP,SRP,True,True,1.0000,1,10.3700,,,
single_agent,Single Agent (9B),LSP_13,EASY,JAVA,LSP,LSP,SRP,True,True,1.0000,1,7.6100,,,
single_agent,Single Agent (9B),LSP_14,EASY,PYTHON,LSP,LSP,SRP,True,True,1.0000,1,8.1600,,,
single_agent,Single Agent (9B),LSP_15,EASY,KOTLIN,LSP,LSP,SRP,True,True,1.0000,1,8.0600,,,
single_agent,Single Agent (9B),LSP_16,EASY,C#,LSP,LSP,SRP,True,True,1.0000,1,8.4300,,,
single_agent,Single Agent (9B),LSP_17,MODERATE,JAVA,LSP,LSP,SRP,True,True,1.0000,1,9.7300,,,
single_agent,Single Agent (9B),LSP_18,MODERATE,PYTHON,LSP,LSP,SRP,True,True,1.0000,1,11.4400,,,
single_agent,Single Agent (9B),LSP_19,MODERATE,KOTLIN,LSP,SRP,OCP,False,False,0.0000,0,10.9800,,,
single_agent,Single Agent (9B),LSP_20,MODERATE,C#,LSP,LSP,SRP,True,True,1.0000,1,9.9800,,,
single_agent,Single Agent (9B),LSP_21,HARD,JAVA,LSP,LSP,SRP,True,True,1.0000,1,12.2500,,,
single_agent,Single Agent (9B),LSP_22,HARD,PYTHON,LSP,SRP,OCP,False,False,0.0000,0,11.9400,,,
single_agent,Single Agent (9B),LSP_23,HARD,KOTLIN,LSP,SRP,OCP,False,False,0.0000,0,14.0200,,,
single_agent,Single Agent (9B),LSP_24,HARD,C#,LSP,SRP,OCP,False,False,0.0000,0,12.1400,,,
single_agent,Single Agent (9B),LSP_25,EASY,JAVA,LSP,SRP,DIP,False,False,0.0000,0,8.7300,,,
single_agent,Single Agent (9B),LSP_26,EASY,PYTHON,LSP,SRP,DIP,False,False,0.0000,0,8.1500,,,
single_agent,Single Agent (9B),LSP_27,EASY,KOTLIN,LSP,OCP,SRP,False,False,0.0000,0,9.0600,,,
single_agent,Single Agent (9B),LSP_28,EASY,C#,LSP,SRP,DIP,False,False,0.0000,0,10.3700,,,
single_agent,Single Agent (9B),LSP_29,MODERATE,JAVA,LSP,SRP,DIP,False,False,0.0000,0,9.9800,,,
single_agent,Single Agent (9B),LSP_30,MODERATE,PYTHON,LSP,OCP,SRP,False,False,0.0000,0,11.3300,,,
single_agent,Single Agent (9B),LSP_31,MODERATE,KOTLIN,LSP,OCP,SRP,False,False,0.0000,0,11.9000,,,
single_agent,Single Agent (9B),LSP_32,MODERATE,C#,LSP,OCP,SRP,False,False,0.0000,0,13.1900,,,
single_agent,Single Agent (9B),LSP_33,HARD,JAVA,LSP,SRP,,False,False,0.0000,0,9.8900,,,
single_agent,Single Agent (9B),LSP_34,HARD,PYTHON,LSP,SRP,,False,False,0.0000,0,11.5700,,,
single_agent,Single Agent (9B),LSP_35,HARD,KOTLIN,LSP,SRP,,False,False,0.0000,0,11.1900,,,
single_agent,Single Agent (9B),LSP_36,HARD,C#,LSP,SRP,,False,False,0.0000,0,11.2000,,,
single_agent,Single Agent (9B),LSP_37,EASY,JAVA,LSP,LSP,SRP,True,True,1.0000,1,9.4000,,,
single_agent,Single Agent (9B),LSP_38,EASY,PYTHON,LSP,LSP,SRP,True,True,1.0000,1,9.4800,,,
single_agent,Single Agent (9B),LSP_39,EASY,KOTLIN,LSP,LSP,SRP,True,True,1.0000,1,7.4600,,,
single_agent,Single Agent (9B),LSP_40,EASY,C#,LSP,LSP,SRP,True,True,1.0000,1,9.2900,,,
single_agent,Single Agent (9B),LSP_41,MODERATE,JAVA,LSP,LSP,SRP,True,True,1.0000,1,8.4000,,,
single_agent,Single Agent (9B),LSP_42,MODERATE,PYTHON,LSP,LSP,SRP,True,True,1.0000,1,10.1900,,,
single_agent,Single Agent (9B),LSP_43,MODERATE,KOTLIN,LSP,LSP,SRP,True,True,1.0000,1,9.9200,,,
single_agent,Single Agent (9B),LSP_44,MODERATE,C#,LSP,LSP,SRP,True,True,1.0000,1,7.7800,,,
single_agent,Single Agent (9B),LSP_45,HARD,JAVA,LSP,LSP,SRP,True,True,1.0000,1,10.3500,,,
single_agent,Single Agent (9B),LSP_46,HARD,PYTHON,LSP,LSP,SRP,True,True,1.0000,1,10.0000,,,
single_agent,Single Agent (9B),LSP_47,HARD,KOTLIN,LSP,LSP,SRP,True,True,1.0000,1,10.0500,,,
single_agent,Single Agent (9B),LSP_48,HARD,C#,LSP,LSP,SRP,True,True,1.0000,1,10.0100,,,
single_agent,Single Agent (9B),ISP_1,EASY,CSHARP,ISP,LSP,ISP,False,True,0.5000,2,8.4200,,,
single_agent,Single Agent (9B),ISP_2,EASY,CSHARP,ISP,LSP,ISP,False,True,0.5000,2,7.9200,,,
single_agent,Single Agent (9B),ISP_3,EASY,CSHARP,ISP,ISP,SRP,True,True,1.0000,1,8.2100,,,
single_agent,Single Agent (9B),ISP_4,EASY,CSHARP,ISP,ISP,LSP,True,True,1.0000,1,7.6300,,,
single_agent,Single Agent (9B),ISP_5,HARD,CSHARP,ISP,ISP,SRP,True,True,1.0000,1,11.0700,,,
single_agent,Single Agent (9B),ISP_6,HARD,CSHARP,ISP,LSP,ISP,False,True,0.5000,2,11.4100,,,
single_agent,Single Agent (9B),ISP_7,HARD,CSHARP,ISP,OCP,SRP,False,False,0.0000,0,13.6200,,,
single_agent,Single Agent (9B),ISP_8,HARD,CSHARP,ISP,OCP,SRP,False,False,0.0000,0,11.9100,,,
single_agent,Single Agent (9B),ISP_9,MODERATE,CSHARP,ISP,ISP,OCP,True,True,1.0000,1,10.3500,,,
single_agent,Single Agent (9B),ISP_10,MODERATE,CSHARP,ISP,LSP,ISP,False,True,0.5000,2,10.4300,,,
single_agent,Single Agent (9B),ISP_11,MODERATE,CSHARP,ISP,ISP,SRP,True,True,1.0000,1,8.1200,,,
single_agent,Single Agent (9B),ISP_12,MODERATE,CSHARP,ISP,ISP,OCP,True,True,1.0000,1,9.0400,,,
single_agent,Single Agent (9B),ISP_13,EASY,JAVA,ISP,ISP,SRP,True,True,1.0000,1,8.0900,,,
single_agent,Single Agent (9B),ISP_14,EASY,JAVA,ISP,LSP,ISP,False,True,0.5000,2,10.0900,,,
single_agent,Single Agent (9B),ISP_15,EASY,JAVA,ISP,ISP,SRP,True,True,1.0000,1,8.0800,,,
single_agent,Single Agent (9B),ISP_16,EASY,JAVA,ISP,ISP,LSP,True,True,1.0000,1,6.8200,,,
single_agent,Single Agent (9B),ISP_17,HARD,JAVA,ISP,ISP,OCP,True,True,1.0000,1,13.5900,,,
single_agent,Single Agent (9B),ISP_18,HARD,JAVA,ISP,LSP,ISP,False,True,0.5000,2,12.0300,,,
single_agent,Single Agent (9B),ISP_19,HARD,JAVA,ISP,OCP,SRP,False,False,0.0000,0,12.5600,,,
single_agent,Single Agent (9B),ISP_20,HARD,JAVA,ISP,OCP,SRP,False,False,0.0000,0,13.0400,,,
single_agent,Single Agent (9B),ISP_21,MODERATE,JAVA,ISP,ISP,OCP,True,True,1.0000,1,11.9900,,,
single_agent,Single Agent (9B),ISP_22,MODERATE,JAVA,ISP,LSP,ISP,False,True,0.5000,2,9.6200,,,
single_agent,Single Agent (9B),ISP_23,MODERATE,JAVA,ISP,ISP,SRP,True,True,1.0000,1,7.1700,,,
single_agent,Single Agent (9B),ISP_24,MODERATE,JAVA,ISP,ISP,SRP,True,True,1.0000,1,12.6100,,,
single_agent,Single Agent (9B),ISP_25,EASY,KOTLIN,ISP,LSP,ISP,False,True,0.5000,2,9.9100,,,
single_agent,Single Agent (9B),ISP_26,EASY,KOTLIN,ISP,LSP,ISP,False,True,0.5000,2,9.0500,,,
single_agent,Single Agent (9B),ISP_27,EASY,KOTLIN,ISP,ISP,SRP,True,True,1.0000,1,8.6100,,,
single_agent,Single Agent (9B),ISP_28,EASY,KOTLIN,ISP,LSP,ISP,False,True,0.5000,2,7.8100,,,
single_agent,Single Agent (9B),ISP_29,HARD,KOTLIN,ISP,OCP,SRP,False,False,0.0000,0,14.3000,,,
single_agent,Single Agent (9B),ISP_30,HARD,KOTLIN,ISP,LSP,ISP,False,True,0.5000,2,11.4800,,,
single_agent,Single Agent (9B),ISP_31,HARD,KOTLIN,ISP,ISP,OCP,True,True,1.0000,1,10.5200,,,
single_agent,Single Agent (9B),ISP_32,HARD,KOTLIN,ISP,ISP,OCP,True,True,1.0000,1,12.7600,,,
single_agent,Single Agent (9B),ISP_33,MODERATE,KOTLIN,ISP,ISP,OCP,True,True,1.0000,1,10.9900,,,
single_agent,Single Agent (9B),ISP_34,MODERATE,KOTLIN,ISP,LSP,ISP,False,True,0.5000,2,9.0600,,,
single_agent,Single Agent (9B),ISP_35,MODERATE,KOTLIN,ISP,ISP,SRP,True,True,1.0000,1,7.5900,,,
single_agent,Single Agent (9B),ISP_36,MODERATE,KOTLIN,ISP,,,False,False,0.0000,0,10.8400,,,
single_agent,Single Agent (9B),ISP_37,EASY,PYTHON,ISP,LSP,ISP,False,True,0.5000,2,11.4400,,,
single_agent,Single Agent (9B),ISP_38,EASY,PYTHON,ISP,LSP,ISP,False,True,0.5000,2,10.1200,,,
single_agent,Single Agent (9B),ISP_39,EASY,PYTHON,ISP,ISP,SRP,True,True,1.0000,1,8.1900,,,
single_agent,Single Agent (9B),ISP_40,EASY,PYTHON,ISP,ISP,LSP,True,True,1.0000,1,8.6200,,,
single_agent,Single Agent (9B),ISP_41,HARD,PYTHON,ISP,ISP,OCP,True,True,1.0000,1,10.8000,,,
single_agent,Single Agent (9B),ISP_42,HARD,PYTHON,ISP,LSP,SRP,False,False,0.0000,0,14.1200,,,
single_agent,Single Agent (9B),ISP_43,HARD,PYTHON,ISP,ISP,SRP,True,True,1.0000,1,15.0900,,,
single_agent,Single Agent (9B),ISP_44,HARD,PYTHON,ISP,ISP,OCP,True,True,1.0000,1,12.6200,,,
single_agent,Single Agent (9B),ISP_45,MODERATE,PYTHON,ISP,LSP,SRP,False,False,0.0000,0,12.0600,,,
single_agent,Single Agent (9B),ISP_46,MODERATE,PYTHON,ISP,LSP,ISP,False,True,0.5000,2,10.2100,,,
single_agent,Single Agent (9B),ISP_47,MODERATE,PYTHON,ISP,ISP,SRP,True,True,1.0000,1,9.3100,,,
single_agent,Single Agent (9B),ISP_48,MODERATE,PYTHON,ISP,ISP,OCP,True,True,1.0000,1,11.1300,,,
single_agent,Single Agent (9B),DIP_1,EASY,JAVA,DIP,DIP,SRP,True,True,1.0000,1,6.0200,,,
single_agent,Single Agent (9B),DIP_2,EASY,PYTHON,DIP,,,False,False,0.0000,0,3.9100,,,
single_agent,Single Agent (9B),DIP_3,EASY,KOTLIN,DIP,,,False,False,0.0000,0,3.9600,,,
single_agent,Single Agent (9B),DIP_4,EASY,C#,DIP,DIP,SRP,True,True,1.0000,1,5.8600,,,
single_agent,Single Agent (9B),DIP_5,MODERATE,JAVA,DIP,SRP,,False,False,0.0000,0,7.9400,,,
single_agent,Single Agent (9B),DIP_6,MODERATE,PYTHON,DIP,SRP,,False,False,0.0000,0,7.9000,,,
single_agent,Single Agent (9B),DIP_7,MODERATE,KOTLIN,DIP,SRP,,False,False,0.0000,0,7.6300,,,
single_agent,Single Agent (9B),DIP_8,MODERATE,C#,DIP,SRP,DIP,False,True,0.5000,2,7.5500,,,
single_agent,Single Agent (9B),DIP_9,HARD,JAVA,DIP,SRP,,False,False,0.0000,0,10.5000,,,
single_agent,Single Agent (9B),DIP_10,HARD,PYTHON,DIP,SRP,,False,False,0.0000,0,9.5500,,,
single_agent,Single Agent (9B),DIP_11,HARD,KOTLIN,DIP,SRP,,False,False,0.0000,0,10.1300,,,
single_agent,Single Agent (9B),DIP_12,HARD,C#,DIP,SRP,,False,False,0.0000,0,11.0300,,,
single_agent,Single Agent (9B),DIP_13,EASY,JAVA,DIP,DIP,SRP,True,True,1.0000,1,6.3200,,,
single_agent,Single Agent (9B),DIP_14,EASY,PYTHON,DIP,,,False,False,0.0000,0,2.3200,,,
single_agent,Single Agent (9B),DIP_15,EASY,KOTLIN,DIP,,,False,False,0.0000,0,1.9300,,,
single_agent,Single Agent (9B),DIP_16,EASY,C#,DIP,DIP,SRP,True,True,1.0000,1,6.5900,,,
single_agent,Single Agent (9B),DIP_17,MODERATE,JAVA,DIP,OCP,SRP,False,False,0.0000,0,8.3000,,,
single_agent,Single Agent (9B),DIP_18,MODERATE,PYTHON,DIP,OCP,SRP,False,False,0.0000,0,8.5500,,,
single_agent,Single Agent (9B),DIP_19,MODERATE,KOTLIN,DIP,OCP,SRP,False,False,0.0000,0,7.7000,,,
single_agent,Single Agent (9B),DIP_20,MODERATE,C#,DIP,OCP,SRP,False,False,0.0000,0,8.6400,,,
single_agent,Single Agent (9B),DIP_21,HARD,JAVA,DIP,OCP,SRP,False,False,0.0000,0,9.5400,,,
single_agent,Single Agent (9B),DIP_22,HARD,PYTHON,DIP,OCP,SRP,False,False,0.0000,0,8.6000,,,
single_agent,Single Agent (9B),DIP_23,HARD,KOTLIN,DIP,OCP,SRP,False,False,0.0000,0,9.9000,,,
single_agent,Single Agent (9B),DIP_24,HARD,C#,DIP,SRP,OCP,False,False,0.0000,0,9.9300,,,
single_agent,Single Agent (9B),DIP_25,EASY,JAVA,DIP,SRP,,False,False,0.0000,0,6.3400,,,
single_agent,Single Agent (9B),DIP_26,EASY,PYTHON,DIP,SRP,,False,False,0.0000,0,7.8000,,,
single_agent,Single Agent (9B),DIP_27,EASY,KOTLIN,DIP,SRP,,False,False,0.0000,0,6.2800,,,
single_agent,Single Agent (9B),DIP_28,EASY,C#,DIP,SRP,,False,False,0.0000,0,7.6500,,,
single_agent,Single Agent (9B),DIP_29,MODERATE,JAVA,DIP,SRP,,False,False,0.0000,0,8.2200,,,
single_agent,Single Agent (9B),DIP_30,MODERATE,PYTHON,DIP,SRP,,False,False,0.0000,0,9.8300,,,
single_agent,Single Agent (9B),DIP_31,MODERATE,KOTLIN,DIP,SRP,,False,False,0.0000,0,8.1400,,,
single_agent,Single Agent (9B),DIP_32,MODERATE,C#,DIP,SRP,,False,False,0.0000,0,7.9100,,,
single_agent,Single Agent (9B),DIP_33,HARD,JAVA,DIP,SRP,,False,False,0.0000,0,9.4100,,,
single_agent,Single Agent (9B),DIP_34,HARD,PYTHON,DIP,SRP,,False,False,0.0000,0,9.8800,,,
single_agent,Single Agent (9B),DIP_35,HARD,KOTLIN,DIP,SRP,,False,False,0.0000,0,10.3500,,,
single_agent,Single Agent (9B),DIP_36,HARD,C#,DIP,SRP,,False,False,0.0000,0,11.7200,,,
single_agent,Single Agent (9B),DIP_37,EASY,JAVA,DIP,DIP,SRP,True,True,1.0000,1,4.6800,,,
single_agent,Single Agent (9B),DIP_38,EASY,PYTHON,DIP,DIP,SRP,True,True,1.0000,1,6.0900,,,
single_agent,Single Agent (9B),DIP_39,EASY,KOTLIN,DIP,DIP,SRP,True,True,1.0000,1,7.5000,,,
single_agent,Single Agent (9B),DIP_40,EASY,C#,DIP,DIP,SRP,True,True,1.0000,1,7.8500,,,
single_agent,Single Agent (9B),DIP_41,MODERATE,JAVA,DIP,SRP,,False,False,0.0000,0,8.9100,,,
single_agent,Single Agent (9B),DIP_42,MODERATE,PYTHON,DIP,SRP,DIP,False,True,0.5000,2,9.9400,,,
single_agent,Single Agent (9B),DIP_43,MODERATE,KOTLIN,DIP,SRP,,False,False,0.0000,0,7.3400,,,
single_agent,Single Agent (9B),DIP_44,MODERATE,C#,DIP,SRP,,False,False,0.0000,0,8.3900,,,
single_agent,Single Agent (9B),DIP_45,HARD,JAVA,DIP,SRP,,False,False,0.0000,0,8.9900,,,
single_agent,Single Agent (9B),DIP_46,HARD,PYTHON,DIP,SRP,,False,False,0.0000,0,10.1300,,,
single_agent,Single Agent (9B),DIP_47,HARD,KOTLIN,DIP,SRP,,False,False,0.0000,0,11.3100,,,
single_agent,Single Agent (9B),DIP_48,HARD,C#,DIP,SRP,,False,False,0.0000,0,10.2300,,,
two_agent,Two Agent (9B),SRP_1,EASY,JAVA,SRP,SRP,,True,True,1.0000,1,9.4100,,,
two_agent,Two Agent (9B),SRP_2,EASY,JAVA,SRP,SRP,,True,True,1.0000,1,6.8100,,,
two_agent,Two Agent (9B),SRP_3,EASY,JAVA,SRP,SRP,,True,True,1.0000,1,7.4400,,,
two_agent,Two Agent (9B),SRP_4,EASY,JAVA,SRP,,,False,False,0.0000,0,6.5200,,,
two_agent,Two Agent (9B),SRP_5,MODERATE,JAVA,SRP,SRP,DIP,True,True,1.0000,1,12.0700,,,
two_agent,Two Agent (9B),SRP_6,MODERATE,JAVA,SRP,DIP,SRP,False,True,0.5000,2,64.1400,,,
two_agent,Two Agent (9B),SRP_7,MODERATE,JAVA,SRP,SRP,,True,True,1.0000,1,13.5500,,,
two_agent,Two Agent (9B),SRP_8,MODERATE,JAVA,SRP,SRP,DIP,True,True,1.0000,1,11.8000,,,
two_agent,Two Agent (9B),SRP_9,HARD,JAVA,SRP,SRP,DIP,True,True,1.0000,1,39.5900,,,
two_agent,Two Agent (9B),SRP_10,HARD,JAVA,SRP,SRP,DIP,True,True,1.0000,1,16.2200,,,
two_agent,Two Agent (9B),SRP_11,HARD,JAVA,SRP,SRP,DIP,True,True,1.0000,1,52.9600,,,
two_agent,Two Agent (9B),SRP_12,HARD,JAVA,SRP,,,False,False,0.0000,0,113.7400,,,
two_agent,Two Agent (9B),SRP_13,EASY,PYTHON,SRP,SRP,,True,True,1.0000,1,7.3200,,,
two_agent,Two Agent (9B),SRP_14,EASY,PYTHON,SRP,SRP,,True,True,1.0000,1,5.7400,,,
two_agent,Two Agent (9B),SRP_15,EASY,PYTHON,SRP,SRP,,True,True,1.0000,1,7.3400,,,
two_agent,Two Agent (9B),SRP_16,EASY,PYTHON,SRP,SRP,,True,True,1.0000,1,6.0500,,,
two_agent,Two Agent (9B),SRP_17,MODERATE,PYTHON,SRP,SRP,DIP,True,True,1.0000,1,56.3900,,,
two_agent,Two Agent (9B),SRP_18,MODERATE,PYTHON,SRP,SRP,DIP,True,True,1.0000,1,13.6900,,,
two_agent,Two Agent (9B),SRP_19,MODERATE,PYTHON,SRP,SRP,DIP,True,True,1.0000,1,54.7500,,,
two_agent,Two Agent (9B),SRP_20,MODERATE,PYTHON,SRP,DIP,SRP,False,True,0.5000,2,30.8000,,,
two_agent,Two Agent (9B),SRP_21,HARD,PYTHON,SRP,SRP,DIP,True,True,1.0000,1,60.9700,,,
two_agent,Two Agent (9B),SRP_22,HARD,PYTHON,SRP,SRP,DIP,True,True,1.0000,1,15.7200,,,
two_agent,Two Agent (9B),SRP_23,HARD,PYTHON,SRP,SRP,DIP,True,True,1.0000,1,14.7900,,,
two_agent,Two Agent (9B),SRP_24,HARD,PYTHON,SRP,SRP,DIP,True,True,1.0000,1,14.7400,,,
two_agent,Two Agent (9B),SRP_25,EASY,KOTLIN,SRP,SRP,,True,True,1.0000,1,7.0800,,,
two_agent,Two Agent (9B),SRP_26,EASY,KOTLIN,SRP,SRP,,True,True,1.0000,1,6.9200,,,
two_agent,Two Agent (9B),SRP_27,EASY,KOTLIN,SRP,,,False,False,0.0000,0,20.3800,,,
two_agent,Two Agent (9B),SRP_28,EASY,KOTLIN,SRP,,,False,False,0.0000,0,44.5200,,,
two_agent,Two Agent (9B),SRP_29,MODERATE,KOTLIN,SRP,SRP,DIP,True,True,1.0000,1,53.9100,,,
two_agent,Two Agent (9B),SRP_30,MODERATE,KOTLIN,SRP,DIP,SRP,False,True,0.5000,2,31.1600,,,
two_agent,Two Agent (9B),SRP_31,MODERATE,KOTLIN,SRP,DIP,SRP,False,True,0.5000,2,57.6000,,,
two_agent,Two Agent (9B),SRP_32,MODERATE,KOTLIN,SRP,SRP,DIP,True,True,1.0000,1,30.4700,,,
two_agent,Two Agent (9B),SRP_33,HARD,KOTLIN,SRP,SRP,DIP,True,True,1.0000,1,14.2500,,,
two_agent,Two Agent (9B),SRP_34,HARD,KOTLIN,SRP,SRP,DIP,True,True,1.0000,1,13.4900,,,
two_agent,Two Agent (9B),SRP_35,HARD,KOTLIN,SRP,SRP,OCP,True,True,1.0000,1,64.2500,,,
two_agent,Two Agent (9B),SRP_36,HARD,KOTLIN,SRP,SRP,,True,True,1.0000,1,186.0600,,,
two_agent,Two Agent (9B),SRP_37,EASY,CSHARP,SRP,SRP,,True,True,1.0000,1,7.4000,,,
two_agent,Two Agent (9B),SRP_38,EASY,CSHARP,SRP,SRP,,True,True,1.0000,1,7.9600,,,
two_agent,Two Agent (9B),SRP_39,EASY,CSHARP,SRP,OCP,,False,False,0.0000,0,30.4800,,,
two_agent,Two Agent (9B),SRP_40,EASY,CSHARP,SRP,SRP,,True,True,1.0000,1,9.6300,,,
two_agent,Two Agent (9B),SRP_41,MODERATE,CSHARP,SRP,SRP,DIP,True,True,1.0000,1,10.7500,,,
two_agent,Two Agent (9B),SRP_42,MODERATE,CSHARP,SRP,DIP,SRP,False,True,0.5000,2,43.1000,,,
two_agent,Two Agent (9B),SRP_43,MODERATE,CSHARP,SRP,SRP,DIP,True,True,1.0000,1,59.1100,,,
two_agent,Two Agent (9B),SRP_44,MODERATE,CSHARP,SRP,SRP,DIP,True,True,1.0000,1,11.8400,,,
two_agent,Two Agent (9B),SRP_45,HARD,CSHARP,SRP,SRP,,True,True,1.0000,1,84.9200,,,
two_agent,Two Agent (9B),SRP_46,HARD,CSHARP,SRP,SRP,DIP,True,True,1.0000,1,15.7000,,,
two_agent,Two Agent (9B),SRP_47,HARD,CSHARP,SRP,SRP,DIP,True,True,1.0000,1,66.3000,,,
two_agent,Two Agent (9B),SRP_48,HARD,CSHARP,SRP,,,False,False,0.0000,0,139.2500,,,
two_agent,Two Agent (9B),OCP_1,EASY,CSHARP,OCP,OCP,,True,True,1.0000,1,30.4700,,,
two_agent,Two Agent (9B),OCP_2,EASY,CSHARP,OCP,OCP,SRP,True,True,1.0000,1,9.2600,,,
two_agent,Two Agent (9B),OCP_3,EASY,CSHARP,OCP,OCP,,True,True,1.0000,1,28.9800,,,
two_agent,Two Agent (9B),OCP_4,EASY,CSHARP,OCP,OCP,SRP,True,True,1.0000,1,9.6400,,,
two_agent,Two Agent (9B),OCP_5,HARD,CSHARP,OCP,OCP,SRP,True,True,1.0000,1,221.2800,,,
two_agent,Two Agent (9B),OCP_6,HARD,CSHARP,OCP,OCP,,True,True,1.0000,1,41.8100,,,
two_agent,Two Agent (9B),OCP_7,HARD,CSHARP,OCP,,,False,False,0.0000,0,123.2600,,,
two_agent,Two Agent (9B),OCP_8,HARD,CSHARP,OCP,,,False,False,0.0000,0,172.3100,,,
two_agent,Two Agent (9B),OCP_9,MODERATE,CSHARP,OCP,OCP,,True,True,1.0000,1,39.5600,,,
two_agent,Two Agent (9B),OCP_10,MODERATE,CSHARP,OCP,OCP,,True,True,1.0000,1,10.7900,,,
two_agent,Two Agent (9B),OCP_11,MODERATE,CSHARP,OCP,OCP,,True,True,1.0000,1,44.9400,,,
two_agent,Two Agent (9B),OCP_12,MODERATE,CSHARP,OCP,SRP,OCP,False,True,0.5000,2,12.9300,,,
two_agent,Two Agent (9B),OCP_13,EASY,JAVA,OCP,OCP,SRP,True,True,1.0000,1,53.1400,,,
two_agent,Two Agent (9B),OCP_14,EASY,JAVA,OCP,OCP,,True,True,1.0000,1,40.8700,,,
two_agent,Two Agent (9B),OCP_15,EASY,JAVA,OCP,OCP,,True,True,1.0000,1,39.6000,,,
two_agent,Two Agent (9B),OCP_16,EASY,JAVA,OCP,OCP,,True,True,1.0000,1,22.5200,,,
two_agent,Two Agent (9B),OCP_17,HARD,JAVA,OCP,,,False,False,0.0000,0,144.2600,,,
two_agent,Two Agent (9B),OCP_18,HARD,JAVA,OCP,OCP,,True,True,1.0000,1,42.7800,,,
two_agent,Two Agent (9B),OCP_19,HARD,JAVA,OCP,,,False,False,0.0000,0,275.8800,,,
two_agent,Two Agent (9B),OCP_20,HARD,JAVA,OCP,,,False,False,0.0000,0,223.3900,,,
two_agent,Two Agent (9B),OCP_21,MODERATE,JAVA,OCP,OCP,SRP,True,True,1.0000,1,64.4400,,,
two_agent,Two Agent (9B),OCP_22,MODERATE,JAVA,OCP,OCP,,True,True,1.0000,1,52.4300,,,
two_agent,Two Agent (9B),OCP_23,MODERATE,JAVA,OCP,SRP,,False,False,0.0000,0,81.7400,,,
two_agent,Two Agent (9B),OCP_24,MODERATE,JAVA,OCP,SRP,OCP,False,True,0.5000,2,13.2600,,,
two_agent,Two Agent (9B),OCP_25,EASY,KOTLIN,OCP,OCP,,True,True,1.0000,1,59.0600,,,
two_agent,Two Agent (9B),OCP_26,EASY,KOTLIN,OCP,OCP,,True,True,1.0000,1,27.2100,,,
two_agent,Two Agent (9B),OCP_27,EASY,KOTLIN,OCP,OCP,,True,True,1.0000,1,52.2900,,,
two_agent,Two Agent (9B),OCP_28,EASY,KOTLIN,OCP,OCP,,True,True,1.0000,1,34.1000,,,
two_agent,Two Agent (9B),OCP_29,HARD,KOTLIN,OCP,OCP,,True,True,1.0000,1,79.6900,,,
two_agent,Two Agent (9B),OCP_30,HARD,KOTLIN,OCP,OCP,SRP,True,True,1.0000,1,105.2800,,,
two_agent,Two Agent (9B),OCP_31,HARD,KOTLIN,OCP,SRP,OCP,False,True,0.5000,2,265.8400,,,
two_agent,Two Agent (9B),OCP_32,HARD,KOTLIN,OCP,OCP,,True,True,1.0000,1,109.3400,,,
two_agent,Two Agent (9B),OCP_33,MODERATE,KOTLIN,OCP,SRP,OCP,False,True,0.5000,2,53.4200,,,
two_agent,Two Agent (9B),OCP_34,MODERATE,KOTLIN,OCP,SRP,OCP,False,True,0.5000,2,64.5200,,,
two_agent,Two Agent (9B),OCP_35,MODERATE,KOTLIN,OCP,SRP,OCP,False,True,0.5000,2,78.2300,,,
two_agent,Two Agent (9B),OCP_36,MODERATE,KOTLIN,OCP,SRP,OCP,False,True,0.5000,2,13.4100,,,
two_agent,Two Agent (9B),OCP_37,EASY,PYTHON,OCP,OCP,SRP,True,True,1.0000,1,9.7200,,,
two_agent,Two Agent (9B),OCP_38,EASY,PYTHON,OCP,OCP,SRP,True,True,1.0000,1,31.2900,,,
two_agent,Two Agent (9B),OCP_39,EASY,PYTHON,OCP,OCP,,True,True,1.0000,1,26.0900,,,
two_agent,Two Agent (9B),OCP_40,EASY,PYTHON,OCP,,,False,False,0.0000,0,7.7800,,,
two_agent,Two Agent (9B),OCP_41,HARD,PYTHON,OCP,OCP,,True,True,1.0000,1,71.2700,,,
two_agent,Two Agent (9B),OCP_42,HARD,PYTHON,OCP,SRP,DIP,False,False,0.0000,0,66.7600,,,
two_agent,Two Agent (9B),OCP_43,HARD,PYTHON,OCP,SRP,,False,False,0.0000,0,203.8100,,,
two_agent,Two Agent (9B),OCP_44,HARD,PYTHON,OCP,OCP,SRP,True,True,1.0000,1,52.4900,,,
two_agent,Two Agent (9B),OCP_45,MODERATE,PYTHON,OCP,OCP,,True,True,1.0000,1,11.2500,,,
two_agent,Two Agent (9B),OCP_46,MODERATE,PYTHON,OCP,OCP,,True,True,1.0000,1,50.9800,,,
two_agent,Two Agent (9B),OCP_47,MODERATE,PYTHON,OCP,SRP,OCP,False,True,0.5000,2,83.2100,,,
two_agent,Two Agent (9B),OCP_48,MODERATE,PYTHON,OCP,SRP,OCP,False,True,0.5000,2,13.2400,,,
two_agent,Two Agent (9B),LSP_1,EASY,JAVA,LSP,LSP,,True,True,1.0000,1,23.3400,,,
two_agent,Two Agent (9B),LSP_2,EASY,PYTHON,LSP,LSP,,True,True,1.0000,1,25.5400,,,
two_agent,Two Agent (9B),LSP_3,EASY,KOTLIN,LSP,LSP,,True,True,1.0000,1,40.7900,,,
two_agent,Two Agent (9B),LSP_4,EASY,C#,LSP,LSP,,True,True,1.0000,1,24.9500,,,
two_agent,Two Agent (9B),LSP_5,MODERATE,JAVA,LSP,SRP,,False,False,0.0000,0,66.0000,,,
two_agent,Two Agent (9B),LSP_6,MODERATE,PYTHON,LSP,,,False,False,0.0000,0,29.5500,,,
two_agent,Two Agent (9B),LSP_7,MODERATE,KOTLIN,LSP,LSP,OCP,True,True,1.0000,1,71.3300,,,
two_agent,Two Agent (9B),LSP_8,MODERATE,C#,LSP,,,False,False,0.0000,0,36.1200,,,
two_agent,Two Agent (9B),LSP_9,HARD,JAVA,LSP,SRP,LSP,False,True,0.5000,2,78.4500,,,
two_agent,Two Agent (9B),LSP_10,HARD,PYTHON,LSP,,,False,False,0.0000,0,75.8500,,,
two_agent,Two Agent (9B),LSP_11,HARD,KOTLIN,LSP,OCP,SRP,False,False,0.0000,0,78.7900,,,
two_agent,Two Agent (9B),LSP_12,HARD,C#,LSP,LSP,SRP,True,True,1.0000,1,66.1800,,,
two_agent,Two Agent (9B),LSP_13,EASY,JAVA,LSP,LSP,,True,True,1.0000,1,22.6700,,,
two_agent,Two Agent (9B),LSP_14,EASY,PYTHON,LSP,LSP,,True,True,1.0000,1,41.3400,,,
two_agent,Two Agent (9B),LSP_15,EASY,KOTLIN,LSP,,,False,False,0.0000,0,31.1300,,,
two_agent,Two Agent (9B),LSP_16,EASY,C#,LSP,LSP,SRP,True,True,1.0000,1,50.7200,,,
two_agent,Two Agent (9B),LSP_17,MODERATE,JAVA,LSP,OCP,SRP,False,False,0.0000,0,76.7300,,,
two_agent,Two Agent (9B),LSP_18,MODERATE,PYTHON,LSP,OCP,SRP,False,False,0.0000,0,81.6700,,,
two_agent,Two Agent (9B),LSP_19,MODERATE,KOTLIN,LSP,SRP,OCP,False,False,0.0000,0,79.6100,,,
two_agent,Two Agent (9B),LSP_20,MODERATE,C#,LSP,,,False,False,0.0000,0,62.2400,,,
two_agent,Two Agent (9B),LSP_21,HARD,JAVA,LSP,SRP,,False,False,0.0000,0,80.1300,,,
two_agent,Two Agent (9B),LSP_22,HARD,PYTHON,LSP,OCP,SRP,False,False,0.0000,0,68.3800,,,
two_agent,Two Agent (9B),LSP_23,HARD,KOTLIN,LSP,OCP,,False,False,0.0000,0,95.1600,,,
two_agent,Two Agent (9B),LSP_24,HARD,C#,LSP,ISP,SRP,False,False,0.0000,0,99.1100,,,
two_agent,Two Agent (9B),LSP_25,EASY,JAVA,LSP,SRP,,False,False,0.0000,0,59.6000,,,
two_agent,Two Agent (9B),LSP_26,EASY,PYTHON,LSP,DIP,SRP,False,False,0.0000,0,45.6900,,,
two_agent,Two Agent (9B),LSP_27,EASY,KOTLIN,LSP,DIP,OCP,False,False,0.0000,0,42.6100,,,
two_agent,Two Agent (9B),LSP_28,EASY,C#,LSP,SRP,DIP,False,False,0.0000,0,62.4300,,,
two_agent,Two Agent (9B),LSP_29,MODERATE,JAVA,LSP,OCP,ISP,False,False,0.0000,0,73.4100,,,
two_agent,Two Agent (9B),LSP_30,MODERATE,PYTHON,LSP,,,False,False,0.0000,0,34.0100,,,
two_agent,Two Agent (9B),LSP_31,MODERATE,KOTLIN,LSP,SRP,,False,False,0.0000,0,80.1800,,,
two_agent,Two Agent (9B),LSP_32,MODERATE,C#,LSP,OCP,LSP,False,True,0.5000,2,73.2400,,,
two_agent,Two Agent (9B),LSP_33,HARD,JAVA,LSP,OCP,LSP,False,True,0.5000,2,87.3500,,,
two_agent,Two Agent (9B),LSP_34,HARD,PYTHON,LSP,OCP,SRP,False,False,0.0000,0,93.1000,,,
two_agent,Two Agent (9B),LSP_35,HARD,KOTLIN,LSP,SRP,OCP,False,False,0.0000,0,102.3500,,,
two_agent,Two Agent (9B),LSP_36,HARD,C#,LSP,SRP,OCP,False,False,0.0000,0,125.1700,,,
two_agent,Two Agent (9B),LSP_37,EASY,JAVA,LSP,SRP,OCP,False,False,0.0000,0,11.7700,,,
two_agent,Two Agent (9B),LSP_38,EASY,PYTHON,LSP,,,False,False,0.0000,0,46.1900,,,
two_agent,Two Agent (9B),LSP_39,EASY,KOTLIN,LSP,LSP,,True,True,1.0000,1,46.7100,,,
two_agent,Two Agent (9B),LSP_40,EASY,C#,LSP,SRP,OCP,False,False,0.0000,0,10.4800,,,
two_agent,Two Agent (9B),LSP_41,MODERATE,JAVA,LSP,LSP,SRP,True,True,1.0000,1,64.4200,,,
two_agent,Two Agent (9B),LSP_42,MODERATE,PYTHON,LSP,OCP,SRP,False,False,0.0000,0,79.3400,,,
two_agent,Two Agent (9B),LSP_43,MODERATE,KOTLIN,LSP,LSP,,True,True,1.0000,1,31.5000,,,
two_agent,Two Agent (9B),LSP_44,MODERATE,C#,LSP,LSP,SRP,True,True,1.0000,1,37.9300,,,
two_agent,Two Agent (9B),LSP_45,HARD,JAVA,LSP,SRP,ISP,False,False,0.0000,0,81.8200,,,
two_agent,Two Agent (9B),LSP_46,HARD,PYTHON,LSP,ISP,SRP,False,False,0.0000,0,92.3100,,,
two_agent,Two Agent (9B),LSP_47,HARD,KOTLIN,LSP,SRP,,False,False,0.0000,0,79.1300,,,
two_agent,Two Agent (9B),LSP_48,HARD,C#,LSP,OCP,SRP,False,False,0.0000,0,97.8200,,,
two_agent,Two Agent (9B),ISP_1,EASY,CSHARP,ISP,LSP,OCP,False,False,0.0000,0,29.5200,,,
two_agent,Two Agent (9B),ISP_2,EASY,CSHARP,ISP,LSP,SRP,False,False,0.0000,0,74.6000,,,
two_agent,Two Agent (9B),ISP_3,EASY,CSHARP,ISP,SRP,OCP,False,False,0.0000,0,11.0800,,,
two_agent,Two Agent (9B),ISP_4,EASY,CSHARP,ISP,ISP,,True,True,1.0000,1,43.9400,,,
two_agent,Two Agent (9B),ISP_5,HARD,CSHARP,ISP,DIP,OCP,False,False,0.0000,0,95.4300,,,
two_agent,Two Agent (9B),ISP_6,HARD,CSHARP,ISP,LSP,ISP,False,True,0.5000,2,77.9600,,,
two_agent,Two Agent (9B),ISP_7,HARD,CSHARP,ISP,,,False,False,0.0000,0,138.5900,,,
two_agent,Two Agent (9B),ISP_8,HARD,CSHARP,ISP,SRP,,False,False,0.0000,0,83.3000,,,
two_agent,Two Agent (9B),ISP_9,MODERATE,CSHARP,ISP,ISP,SRP,True,True,1.0000,1,66.1400,,,
two_agent,Two Agent (9B),ISP_10,MODERATE,CSHARP,ISP,ISP,,True,True,1.0000,1,67.6500,,,
two_agent,Two Agent (9B),ISP_11,MODERATE,CSHARP,ISP,ISP,,True,True,1.0000,1,31.3100,,,
two_agent,Two Agent (9B),ISP_12,MODERATE,CSHARP,ISP,SRP,,False,False,0.0000,0,82.6200,,,
two_agent,Two Agent (9B),ISP_13,EASY,JAVA,ISP,SRP,OCP,False,False,0.0000,0,30.1300,,,
two_agent,Two Agent (9B),ISP_14,EASY,JAVA,ISP,,,False,False,0.0000,0,72.7000,,,
two_agent,Two Agent (9B),ISP_15,EASY,JAVA,ISP,SRP,OCP,False,False,0.0000,0,9.3900,,,
two_agent,Two Agent (9B),ISP_16,EASY,JAVA,ISP,ISP,,True,True,1.0000,1,24.7700,,,
two_agent,Two Agent (9B),ISP_17,HARD,JAVA,ISP,OCP,ISP,False,True,0.5000,2,90.0400,,,
two_agent,Two Agent (9B),ISP_18,HARD,JAVA,ISP,OCP,SRP,False,False,0.0000,0,74.9800,,,
two_agent,Two Agent (9B),ISP_19,HARD,JAVA,ISP,,,False,False,0.0000,0,93.9200,,,
two_agent,Two Agent (9B),ISP_20,HARD,JAVA,ISP,LSP,OCP,False,False,0.0000,0,77.7400,,,
two_agent,Two Agent (9B),ISP_21,MODERATE,JAVA,ISP,SRP,ISP,False,True,0.5000,2,47.0700,,,
two_agent,Two Agent (9B),ISP_22,MODERATE,JAVA,ISP,LSP,SRP,False,False,0.0000,0,65.9100,,,
two_agent,Two Agent (9B),ISP_23,MODERATE,JAVA,ISP,SRP,,False,False,0.0000,0,9.8800,,,
two_agent,Two Agent (9B),ISP_24,MODERATE,JAVA,ISP,OCP,LSP,False,False,0.0000,0,86.5400,,,
two_agent,Two Agent (9B),ISP_25,EASY,KOTLIN,ISP,SRP,OCP,False,False,0.0000,0,11.0200,,,
two_agent,Two Agent (9B),ISP_26,EASY,KOTLIN,ISP,,,False,False,0.0000,0,42.0200,,,
two_agent,Two Agent (9B),ISP_27,EASY,KOTLIN,ISP,SRP,ISP,False,True,0.5000,2,9.6700,,,
two_agent,Two Agent (9B),ISP_28,EASY,KOTLIN,ISP,LSP,,False,False,0.0000,0,52.3000,,,
two_agent,Two Agent (9B),ISP_29,HARD,KOTLIN,ISP,ISP,SRP,True,True,1.0000,1,78.9300,,,
two_agent,Two Agent (9B),ISP_30,HARD,KOTLIN,ISP,LSP,SRP,False,False,0.0000,0,81.8600,,,
two_agent,Two Agent (9B),ISP_31,HARD,KOTLIN,ISP,SRP,,False,False,0.0000,0,15.5600,,,
two_agent,Two Agent (9B),ISP_32,HARD,KOTLIN,ISP,LSP,SRP,False,False,0.0000,0,81.3400,,,
two_agent,Two Agent (9B),ISP_33,MODERATE,KOTLIN,ISP,SRP,,False,False,0.0000,0,82.8700,,,
two_agent,Two Agent (9B),ISP_34,MODERATE,KOTLIN,ISP,LSP,SRP,False,False,0.0000,0,73.1300,,,
two_agent,Two Agent (9B),ISP_35,MODERATE,KOTLIN,ISP,ISP,SRP,True,True,1.0000,1,64.5600,,,
two_agent,Two Agent (9B),ISP_36,MODERATE,KOTLIN,ISP,ISP,,True,True,1.0000,1,67.7600,,,
two_agent,Two Agent (9B),ISP_37,EASY,PYTHON,ISP,LSP,SRP,False,False,0.0000,0,74.1900,,,
two_agent,Two Agent (9B),ISP_38,EASY,PYTHON,ISP,ISP,,True,True,1.0000,1,38.1600,,,
two_agent,Two Agent (9B),ISP_39,EASY,PYTHON,ISP,LSP,SRP,False,False,0.0000,0,68.2700,,,
two_agent,Two Agent (9B),ISP_40,EASY,PYTHON,ISP,ISP,SRP,True,True,1.0000,1,37.5500,,,
two_agent,Two Agent (9B),ISP_41,HARD,PYTHON,ISP,LSP,SRP,False,False,0.0000,0,73.6100,,,
two_agent,Two Agent (9B),ISP_42,HARD,PYTHON,ISP,LSP,ISP,False,True,0.5000,2,92.3200,,,
two_agent,Two Agent (9B),ISP_43,HARD,PYTHON,ISP,ISP,SRP,True,True,1.0000,1,146.6100,,,
two_agent,Two Agent (9B),ISP_44,HARD,PYTHON,ISP,ISP,OCP,True,True,1.0000,1,96.9100,,,
two_agent,Two Agent (9B),ISP_45,MODERATE,PYTHON,ISP,LSP,,False,False,0.0000,0,72.9000,,,
two_agent,Two Agent (9B),ISP_46,MODERATE,PYTHON,ISP,ISP,SRP,True,True,1.0000,1,74.4800,,,
two_agent,Two Agent (9B),ISP_47,MODERATE,PYTHON,ISP,,,False,False,0.0000,0,66.4900,,,
two_agent,Two Agent (9B),ISP_48,MODERATE,PYTHON,ISP,,,False,False,0.0000,0,75.0700,,,
two_agent,Two Agent (9B),DIP_1,EASY,JAVA,DIP,SRP,DIP,False,True,0.5000,2,8.1600,,,
two_agent,Two Agent (9B),DIP_2,EASY,PYTHON,DIP,DIP,,True,True,1.0000,1,40.2800,,,
two_agent,Two Agent (9B),DIP_3,EASY,KOTLIN,DIP,DIP,OCP,True,True,1.0000,1,61.4000,,,
two_agent,Two Agent (9B),DIP_4,EASY,C#,DIP,SRP,DIP,False,True,0.5000,2,8.2500,,,
two_agent,Two Agent (9B),DIP_5,MODERATE,JAVA,DIP,SRP,DIP,False,True,0.5000,2,10.4700,,,
two_agent,Two Agent (9B),DIP_6,MODERATE,PYTHON,DIP,SRP,DIP,False,True,0.5000,2,77.6300,,,
two_agent,Two Agent (9B),DIP_7,MODERATE,KOTLIN,DIP,SRP,DIP,False,True,0.5000,2,84.2600,,,
two_agent,Two Agent (9B),DIP_8,MODERATE,C#,DIP,SRP,DIP,False,True,0.5000,2,62.7800,,,
two_agent,Two Agent (9B),DIP_9,HARD,JAVA,DIP,OCP,SRP,False,False,0.0000,0,79.5800,,,
two_agent,Two Agent (9B),DIP_10,HARD,PYTHON,DIP,SRP,DIP,False,True,0.5000,2,78.6500,,,
two_agent,Two Agent (9B),DIP_11,HARD,KOTLIN,DIP,SRP,DIP,False,True,0.5000,2,71.7800,,,
two_agent,Two Agent (9B),DIP_12,HARD,C#,DIP,,,False,False,0.0000,0,79.5400,,,
two_agent,Two Agent (9B),DIP_13,EASY,JAVA,DIP,DIP,,True,True,1.0000,1,22.6800,,,
two_agent,Two Agent (9B),DIP_14,EASY,PYTHON,DIP,,,False,False,0.0000,0,24.0900,,,
two_agent,Two Agent (9B),DIP_15,EASY,KOTLIN,DIP,,,False,False,0.0000,0,21.3300,,,
two_agent,Two Agent (9B),DIP_16,EASY,C#,DIP,DIP,SRP,True,True,1.0000,1,7.4000,,,
two_agent,Two Agent (9B),DIP_17,MODERATE,JAVA,DIP,SRP,OCP,False,False,0.0000,0,11.0100,,,
two_agent,Two Agent (9B),DIP_18,MODERATE,PYTHON,DIP,SRP,OCP,False,False,0.0000,0,10.5400,,,
two_agent,Two Agent (9B),DIP_19,MODERATE,KOTLIN,DIP,OCP,SRP,False,False,0.0000,0,10.3500,,,
two_agent,Two Agent (9B),DIP_20,MODERATE,C#,DIP,OCP,DIP,False,True,0.5000,2,9.8700,,,
two_agent,Two Agent (9B),DIP_21,HARD,JAVA,DIP,OCP,,False,False,0.0000,0,36.5900,,,
two_agent,Two Agent (9B),DIP_22,HARD,PYTHON,DIP,OCP,SRP,False,False,0.0000,0,33.9400,,,
two_agent,Two Agent (9B),DIP_23,HARD,KOTLIN,DIP,SRP,OCP,False,False,0.0000,0,13.5100,,,
two_agent,Two Agent (9B),DIP_24,HARD,C#,DIP,SRP,OCP,False,False,0.0000,0,81.2200,,,
two_agent,Two Agent (9B),DIP_25,EASY,JAVA,DIP,SRP,,False,False,0.0000,0,7.7600,,,
two_agent,Two Agent (9B),DIP_26,EASY,PYTHON,DIP,,,False,False,0.0000,0,6.6200,,,
two_agent,Two Agent (9B),DIP_27,EASY,KOTLIN,DIP,SRP,,False,False,0.0000,0,7.4700,,,
two_agent,Two Agent (9B),DIP_28,EASY,C#,DIP,SRP,,False,False,0.0000,0,9.4700,,,
two_agent,Two Agent (9B),DIP_29,MODERATE,JAVA,DIP,SRP,,False,False,0.0000,0,30.6700,,,
two_agent,Two Agent (9B),DIP_30,MODERATE,PYTHON,DIP,SRP,,False,False,0.0000,0,12.3400,,,
two_agent,Two Agent (9B),DIP_31,MODERATE,KOTLIN,DIP,SRP,,False,False,0.0000,0,26.1000,,,
two_agent,Two Agent (9B),DIP_32,MODERATE,C#,DIP,SRP,OCP,False,False,0.0000,0,28.4800,,,
two_agent,Two Agent (9B),DIP_33,HARD,JAVA,DIP,OCP,SRP,False,False,0.0000,0,70.3000,,,
two_agent,Two Agent (9B),DIP_34,HARD,PYTHON,DIP,SRP,,False,False,0.0000,0,39.8200,,,
two_agent,Two Agent (9B),DIP_35,HARD,KOTLIN,DIP,SRP,OCP,False,False,0.0000,0,42.7200,,,
two_agent,Two Agent (9B),DIP_36,HARD,C#,DIP,SRP,,False,False,0.0000,0,81.2100,,,
two_agent,Two Agent (9B),DIP_37,EASY,JAVA,DIP,DIP,,True,True,1.0000,1,21.3400,,,
two_agent,Two Agent (9B),DIP_38,EASY,PYTHON,DIP,,,False,False,0.0000,0,22.4000,,,
two_agent,Two Agent (9B),DIP_39,EASY,KOTLIN,DIP,,,False,False,0.0000,0,7.5500,,,
two_agent,Two Agent (9B),DIP_40,EASY,C#,DIP,DIP,,True,True,1.0000,1,20.1600,,,
two_agent,Two Agent (9B),DIP_41,MODERATE,JAVA,DIP,SRP,DIP,False,True,0.5000,2,53.8700,,,
two_agent,Two Agent (9B),DIP_42,MODERATE,PYTHON,DIP,DIP,,True,True,1.0000,1,59.7700,,,
two_agent,Two Agent (9B),DIP_43,MODERATE,KOTLIN,DIP,SRP,,False,False,0.0000,0,68.1900,,,
two_agent,Two Agent (9B),DIP_44,MODERATE,C#,DIP,SRP,OCP,False,False,0.0000,0,64.0000,,,
two_agent,Two Agent (9B),DIP_45,HARD,JAVA,DIP,SRP,OCP,False,False,0.0000,0,66.6700,,,
two_agent,Two Agent (9B),DIP_46,HARD,PYTHON,DIP,DIP,SRP,True,True,1.0000,1,81.6900,,,
two_agent,Two Agent (9B),DIP_47,HARD,KOTLIN,DIP,SRP,,False,False,0.0000,0,69.1400,,,
two_agent,Two Agent (9B),DIP_48,HARD,C#,DIP,SRP,DIP,False,True,0.5000,2,78.8200,,,
single_agent_cloud,Single Agent (Cloud),SRP_1,EASY,JAVA,SRP,SRP,DIP,True,True,1.0000,1,7.2700,,,
single_agent_cloud,Single Agent (Cloud),SRP_2,EASY,JAVA,SRP,SRP,OCP,True,True,1.0000,1,3.8600,,,
single_agent_cloud,Single Agent (Cloud),SRP_3,EASY,JAVA,SRP,SRP,DIP,True,True,1.0000,1,7.4300,,,
single_agent_cloud,Single Agent (Cloud),SRP_4,EASY,JAVA,SRP,SRP,OCP,True,True,1.0000,1,6.1300,,,
single_agent_cloud,Single Agent (Cloud),SRP_5,MODERATE,JAVA,SRP,SRP,DIP,True,True,1.0000,1,5.2100,,,
single_agent_cloud,Single Agent (Cloud),SRP_6,MODERATE,JAVA,SRP,SRP,DIP,True,True,1.0000,1,4.2300,,,
single_agent_cloud,Single Agent (Cloud),SRP_7,MODERATE,JAVA,SRP,SRP,DIP,True,True,1.0000,1,6.2400,,,
single_agent_cloud,Single Agent (Cloud),SRP_8,MODERATE,JAVA,SRP,SRP,DIP,True,True,1.0000,1,8.5100,,,
single_agent_cloud,Single Agent (Cloud),SRP_9,HARD,JAVA,SRP,SRP,DIP,True,True,1.0000,1,5.7100,,,
single_agent_cloud,Single Agent (Cloud),SRP_10,HARD,JAVA,SRP,SRP,DIP,True,True,1.0000,1,12.7700,,,
single_agent_cloud,Single Agent (Cloud),SRP_11,HARD,JAVA,SRP,SRP,DIP,True,True,1.0000,1,26.2000,,,
single_agent_cloud,Single Agent (Cloud),SRP_12,HARD,JAVA,SRP,SRP,DIP,True,True,1.0000,1,11.0800,,,
single_agent_cloud,Single Agent (Cloud),SRP_13,EASY,PYTHON,SRP,SRP,DIP,True,True,1.0000,1,3.6300,,,
single_agent_cloud,Single Agent (Cloud),SRP_14,EASY,PYTHON,SRP,SRP,OCP,True,True,1.0000,1,4.4700,,,
single_agent_cloud,Single Agent (Cloud),SRP_15,EASY,PYTHON,SRP,SRP,DIP,True,True,1.0000,1,4.5700,,,
single_agent_cloud,Single Agent (Cloud),SRP_16,EASY,PYTHON,SRP,SRP,OCP,True,True,1.0000,1,4.4900,,,
single_agent_cloud,Single Agent (Cloud),SRP_17,MODERATE,PYTHON,SRP,SRP,DIP,True,True,1.0000,1,12.4100,,,
single_agent_cloud,Single Agent (Cloud),SRP_18,MODERATE,PYTHON,SRP,SRP,DIP,True,True,1.0000,1,4.8000,,,
single_agent_cloud,Single Agent (Cloud),SRP_19,MODERATE,PYTHON,SRP,SRP,DIP,True,True,1.0000,1,12.7400,,,
single_agent_cloud,Single Agent (Cloud),SRP_20,MODERATE,PYTHON,SRP,SRP,DIP,True,True,1.0000,1,6.4500,,,
single_agent_cloud,Single Agent (Cloud),SRP_21,HARD,PYTHON,SRP,SRP,DIP,True,True,1.0000,1,5.9900,,,
single_agent_cloud,Single Agent (Cloud),SRP_22,HARD,PYTHON,SRP,SRP,DIP,True,True,1.0000,1,6.5300,,,
single_agent_cloud,Single Agent (Cloud),SRP_23,HARD,PYTHON,SRP,SRP,DIP,True,True,1.0000,1,4.5800,,,
single_agent_cloud,Single Agent (Cloud),SRP_24,HARD,PYTHON,SRP,SRP,DIP,True,True,1.0000,1,4.4700,,,
single_agent_cloud,Single Agent (Cloud),SRP_25,EASY,KOTLIN,SRP,SRP,DIP,True,True,1.0000,1,4.2000,,,
single_agent_cloud,Single Agent (Cloud),SRP_26,EASY,KOTLIN,SRP,SRP,OCP,True,True,1.0000,1,3.0900,,,
single_agent_cloud,Single Agent (Cloud),SRP_27,EASY,KOTLIN,SRP,SRP,DIP,True,True,1.0000,1,4.1900,,,
single_agent_cloud,Single Agent (Cloud),SRP_28,EASY,KOTLIN,SRP,SRP,,True,True,1.0000,1,4.7500,,,
single_agent_cloud,Single Agent (Cloud),SRP_29,MODERATE,KOTLIN,SRP,SRP,DIP,True,True,1.0000,1,7.3500,,,
single_agent_cloud,Single Agent (Cloud),SRP_30,MODERATE,KOTLIN,SRP,SRP,DIP,True,True,1.0000,1,3.8800,,,
single_agent_cloud,Single Agent (Cloud),SRP_31,MODERATE,KOTLIN,SRP,SRP,DIP,True,True,1.0000,1,3.6400,,,
single_agent_cloud,Single Agent (Cloud),SRP_32,MODERATE,KOTLIN,SRP,SRP,DIP,True,True,1.0000,1,3.6200,,,
single_agent_cloud,Single Agent (Cloud),SRP_33,HARD,KOTLIN,SRP,SRP,DIP,True,True,1.0000,1,6.5400,,,
single_agent_cloud,Single Agent (Cloud),SRP_34,HARD,KOTLIN,SRP,SRP,DIP,True,True,1.0000,1,6.8700,,,
single_agent_cloud,Single Agent (Cloud),SRP_35,HARD,KOTLIN,SRP,SRP,DIP,True,True,1.0000,1,7.6600,,,
single_agent_cloud,Single Agent (Cloud),SRP_36,HARD,KOTLIN,SRP,SRP,DIP,True,True,1.0000,1,3.8500,,,
single_agent_cloud,Single Agent (Cloud),SRP_37,EASY,CSHARP,SRP,SRP,DIP,True,True,1.0000,1,3.3300,,,
single_agent_cloud,Single Agent (Cloud),SRP_38,EASY,CSHARP,SRP,SRP,OCP,True,True,1.0000,1,3.4600,,,
single_agent_cloud,Single Agent (Cloud),SRP_39,EASY,CSHARP,SRP,SRP,DIP,True,True,1.0000,1,4.3100,,,
single_agent_cloud,Single Agent (Cloud),SRP_40,EASY,CSHARP,SRP,SRP,OCP,True,True,1.0000,1,3.0400,,,
single_agent_cloud,Single Agent (Cloud),SRP_41,MODERATE,CSHARP,SRP,SRP,DIP,True,True,1.0000,1,3.0900,,,
single_agent_cloud,Single Agent (Cloud),SRP_42,MODERATE,CSHARP,SRP,SRP,DIP,True,True,1.0000,1,4.7300,,,
single_agent_cloud,Single Agent (Cloud),SRP_43,MODERATE,CSHARP,SRP,SRP,DIP,True,True,1.0000,1,3.6000,,,
single_agent_cloud,Single Agent (Cloud),SRP_44,MODERATE,CSHARP,SRP,SRP,DIP,True,True,1.0000,1,4.0300,,,
single_agent_cloud,Single Agent (Cloud),SRP_45,HARD,CSHARP,SRP,SRP,DIP,True,True,1.0000,1,4.0400,,,
single_agent_cloud,Single Agent (Cloud),SRP_46,HARD,CSHARP,SRP,SRP,DIP,True,True,1.0000,1,3.6300,,,
single_agent_cloud,Single Agent (Cloud),SRP_47,HARD,CSHARP,SRP,SRP,DIP,True,True,1.0000,1,3.9400,,,
single_agent_cloud,Single Agent (Cloud),SRP_48,HARD,CSHARP,SRP,SRP,DIP,True,True,1.0000,1,4.0400,,,
single_agent_cloud,Single Agent (Cloud),OCP_1,EASY,CSHARP,OCP,OCP,SRP,True,True,1.0000,1,2.9300,,,
single_agent_cloud,Single Agent (Cloud),OCP_2,EASY,CSHARP,OCP,OCP,SRP,True,True,1.0000,1,5.9000,,,
single_agent_cloud,Single Agent (Cloud),OCP_3,EASY,CSHARP,OCP,OCP,DIP,True,True,1.0000,1,3.0500,,,
single_agent_cloud,Single Agent (Cloud),OCP_4,EASY,CSHARP,OCP,OCP,SRP,True,True,1.0000,1,3.3600,,,
single_agent_cloud,Single Agent (Cloud),OCP_5,HARD,CSHARP,OCP,OCP,SRP,True,True,1.0000,1,3.7600,,,
single_agent_cloud,Single Agent (Cloud),OCP_6,HARD,CSHARP,OCP,OCP,SRP,True,True,1.0000,1,4.1200,,,
single_agent_cloud,Single Agent (Cloud),OCP_7,HARD,CSHARP,OCP,OCP,SRP,True,True,1.0000,1,4.9900,,,
single_agent_cloud,Single Agent (Cloud),OCP_8,HARD,CSHARP,OCP,OCP,SRP,True,True,1.0000,1,3.7200,,,
single_agent_cloud,Single Agent (Cloud),OCP_9,MODERATE,CSHARP,OCP,OCP,SRP,True,True,1.0000,1,3.3200,,,
single_agent_cloud,Single Agent (Cloud),OCP_10,MODERATE,CSHARP,OCP,OCP,SRP,True,True,1.0000,1,3.2000,,,
single_agent_cloud,Single Agent (Cloud),OCP_11,MODERATE,CSHARP,OCP,OCP,SRP,True,True,1.0000,1,5.6500,,,
single_agent_cloud,Single Agent (Cloud),OCP_12,MODERATE,CSHARP,OCP,OCP,SRP,True,True,1.0000,1,4.0900,,,
single_agent_cloud,Single Agent (Cloud),OCP_13,EASY,JAVA,OCP,OCP,SRP,True,True,1.0000,1,3.4600,,,
single_agent_cloud,Single Agent (Cloud),OCP_14,EASY,JAVA,OCP,OCP,SRP,True,True,1.0000,1,3.2100,,,
single_agent_cloud,Single Agent (Cloud),OCP_15,EASY,JAVA,OCP,OCP,DIP,True,True,1.0000,1,4.3500,,,
single_agent_cloud,Single Agent (Cloud),OCP_16,EASY,JAVA,OCP,OCP,SRP,True,True,1.0000,1,2.9600,,,
single_agent_cloud,Single Agent (Cloud),OCP_17,HARD,JAVA,OCP,OCP,SRP,True,True,1.0000,1,3.6200,,,
single_agent_cloud,Single Agent (Cloud),OCP_18,HARD,JAVA,OCP,OCP,SRP,True,True,1.0000,1,3.6500,,,
single_agent_cloud,Single Agent (Cloud),OCP_19,HARD,JAVA,OCP,OCP,SRP,True,True,1.0000,1,4.7400,,,
single_agent_cloud,Single Agent (Cloud),OCP_20,HARD,JAVA,OCP,OCP,SRP,True,True,1.0000,1,3.2400,,,
single_agent_cloud,Single Agent (Cloud),OCP_21,MODERATE,JAVA,OCP,OCP,SRP,True,True,1.0000,1,3.5100,,,
single_agent_cloud,Single Agent (Cloud),OCP_22,MODERATE,JAVA,OCP,OCP,SRP,True,True,1.0000,1,3.2000,,,
single_agent_cloud,Single Agent (Cloud),OCP_23,MODERATE,JAVA,OCP,OCP,SRP,True,True,1.0000,1,4.6700,,,
single_agent_cloud,Single Agent (Cloud),OCP_24,MODERATE,JAVA,OCP,OCP,SRP,True,True,1.0000,1,5.2500,,,
single_agent_cloud,Single Agent (Cloud),OCP_25,EASY,KOTLIN,OCP,OCP,DIP,True,True,1.0000,1,5.1900,,,
single_agent_cloud,Single Agent (Cloud),OCP_26,EASY,KOTLIN,OCP,OCP,SRP,True,True,1.0000,1,3.2700,,,
single_agent_cloud,Single Agent (Cloud),OCP_27,EASY,KOTLIN,OCP,OCP,SRP,True,True,1.0000,1,3.2600,,,
single_agent_cloud,Single Agent (Cloud),OCP_28,EASY,KOTLIN,OCP,OCP,SRP,True,True,1.0000,1,2.8100,,,
single_agent_cloud,Single Agent (Cloud),OCP_29,HARD,KOTLIN,OCP,OCP,SRP,True,True,1.0000,1,4.3200,,,
single_agent_cloud,Single Agent (Cloud),OCP_30,HARD,KOTLIN,OCP,OCP,SRP,True,True,1.0000,1,3.4100,,,
single_agent_cloud,Single Agent (Cloud),OCP_31,HARD,KOTLIN,OCP,OCP,SRP,True,True,1.0000,1,4.9600,,,
single_agent_cloud,Single Agent (Cloud),OCP_32,HARD,KOTLIN,OCP,OCP,SRP,True,True,1.0000,1,4.1800,,,
single_agent_cloud,Single Agent (Cloud),OCP_33,MODERATE,KOTLIN,OCP,OCP,SRP,True,True,1.0000,1,3.8000,,,
single_agent_cloud,Single Agent (Cloud),OCP_34,MODERATE,KOTLIN,OCP,OCP,SRP,True,True,1.0000,1,3.3200,,,
single_agent_cloud,Single Agent (Cloud),OCP_35,MODERATE,KOTLIN,OCP,OCP,SRP,True,True,1.0000,1,4.3800,,,
single_agent_cloud,Single Agent (Cloud),OCP_36,MODERATE,KOTLIN,OCP,OCP,SRP,True,True,1.0000,1,3.9300,,,
single_agent_cloud,Single Agent (Cloud),OCP_37,EASY,PYTHON,OCP,OCP,DIP,True,True,1.0000,1,3.7100,,,
single_agent_cloud,Single Agent (Cloud),OCP_38,EASY,PYTHON,OCP,OCP,SRP,True,True,1.0000,1,3.1400,,,
single_agent_cloud,Single Agent (Cloud),OCP_39,EASY,PYTHON,OCP,,,False,False,0.0000,0,11.1200,,,
single_agent_cloud,Single Agent (Cloud),OCP_40,EASY,PYTHON,OCP,OCP,SRP,True,True,1.0000,1,4.1100,,,
single_agent_cloud,Single Agent (Cloud),OCP_41,HARD,PYTHON,OCP,OCP,SRP,True,True,1.0000,1,3.9100,,,
single_agent_cloud,Single Agent (Cloud),OCP_42,HARD,PYTHON,OCP,OCP,SRP,True,True,1.0000,1,3.6300,,,
single_agent_cloud,Single Agent (Cloud),OCP_43,HARD,PYTHON,OCP,OCP,SRP,True,True,1.0000,1,4.2100,,,
single_agent_cloud,Single Agent (Cloud),OCP_44,HARD,PYTHON,OCP,OCP,SRP,True,True,1.0000,1,3.8300,,,
single_agent_cloud,Single Agent (Cloud),OCP_45,MODERATE,PYTHON,OCP,OCP,SRP,True,True,1.0000,1,3.5400,,,
single_agent_cloud,Single Agent (Cloud),OCP_46,MODERATE,PYTHON,OCP,OCP,SRP,True,True,1.0000,1,3.2300,,,
single_agent_cloud,Single Agent (Cloud),OCP_47,MODERATE,PYTHON,OCP,OCP,SRP,True,True,1.0000,1,3.6400,,,
single_agent_cloud,Single Agent (Cloud),OCP_48,MODERATE,PYTHON,OCP,OCP,SRP,True,True,1.0000,1,3.6100,,,
single_agent_cloud,Single Agent (Cloud),LSP_1,EASY,JAVA,LSP,LSP,ISP,True,True,1.0000,1,3.2600,,,
single_agent_cloud,Single Agent (Cloud),LSP_2,EASY,PYTHON,LSP,LSP,ISP,True,True,1.0000,1,3.3400,,,
single_agent_cloud,Single Agent (Cloud),LSP_3,EASY,KOTLIN,LSP,LSP,ISP,True,True,1.0000,1,3.3400,,,
single_agent_cloud,Single Agent (Cloud),LSP_4,EASY,C#,LSP,LSP,ISP,True,True,1.0000,1,3.6500,,,
single_agent_cloud,Single Agent (Cloud),LSP_5,MODERATE,JAVA,LSP,LSP,ISP,True,True,1.0000,1,3.2500,,,
single_agent_cloud,Single Agent (Cloud),LSP_6,MODERATE,PYTHON,LSP,LSP,ISP,True,True,1.0000,1,3.8900,,,
single_agent_cloud,Single Agent (Cloud),LSP_7,MODERATE,KOTLIN,LSP,LSP,ISP,True,True,1.0000,1,4.0600,,,
single_agent_cloud,Single Agent (Cloud),LSP_8,MODERATE,C#,LSP,LSP,SRP,True,True,1.0000,1,3.2200,,,
single_agent_cloud,Single Agent (Cloud),LSP_9,HARD,JAVA,LSP,LSP,ISP,True,True,1.0000,1,3.2500,,,
single_agent_cloud,Single Agent (Cloud),LSP_10,HARD,PYTHON,LSP,LSP,ISP,True,True,1.0000,1,3.5000,,,
single_agent_cloud,Single Agent (Cloud),LSP_11,HARD,KOTLIN,LSP,LSP,ISP,True,True,1.0000,1,4.8800,,,
single_agent_cloud,Single Agent (Cloud),LSP_12,HARD,C#,LSP,LSP,ISP,True,True,1.0000,1,4.4800,,,
single_agent_cloud,Single Agent (Cloud),LSP_13,EASY,JAVA,LSP,LSP,OCP,True,True,1.0000,1,4.9900,,,
single_agent_cloud,Single Agent (Cloud),LSP_14,EASY,PYTHON,LSP,LSP,OCP,True,True,1.0000,1,3.5800,,,
single_agent_cloud,Single Agent (Cloud),LSP_15,EASY,KOTLIN,LSP,LSP,OCP,True,True,1.0000,1,3.4000,,,
single_agent_cloud,Single Agent (Cloud),LSP_16,EASY,C#,LSP,LSP,SRP,True,True,1.0000,1,4.2100,,,
single_agent_cloud,Single Agent (Cloud),LSP_17,MODERATE,JAVA,LSP,LSP,SRP,True,True,1.0000,1,3.8100,,,
single_agent_cloud,Single Agent (Cloud),LSP_18,MODERATE,PYTHON,LSP,LSP,SRP,True,True,1.0000,1,3.4300,,,
single_agent_cloud,Single Agent (Cloud),LSP_19,MODERATE,KOTLIN,LSP,LSP,OCP,True,True,1.0000,1,4.1300,,,
single_agent_cloud,Single Agent (Cloud),LSP_20,MODERATE,C#,LSP,LSP,SRP,True,True,1.0000,1,4.2800,,,
single_agent_cloud,Single Agent (Cloud),LSP_21,HARD,JAVA,LSP,LSP,OCP,True,True,1.0000,1,28.3900,,,
single_agent_cloud,Single Agent (Cloud),LSP_22,HARD,PYTHON,LSP,LSP,OCP,True,True,1.0000,1,4.9600,,,
single_agent_cloud,Single Agent (Cloud),LSP_23,HARD,KOTLIN,LSP,LSP,OCP,True,True,1.0000,1,6.3500,,,
single_agent_cloud,Single Agent (Cloud),LSP_24,HARD,C#,LSP,LSP,OCP,True,True,1.0000,1,4.5400,,,
single_agent_cloud,Single Agent (Cloud),LSP_25,EASY,JAVA,LSP,DIP,OCP,False,False,0.0000,0,3.5600,,,
single_agent_cloud,Single Agent (Cloud),LSP_26,EASY,PYTHON,LSP,DIP,SRP,False,False,0.0000,0,5.8400,,,
single_agent_cloud,Single Agent (Cloud),LSP_27,EASY,KOTLIN,LSP,OCP,DIP,False,False,0.0000,0,7.7000,,,
single_agent_cloud,Single Agent (Cloud),LSP_28,EASY,C#,LSP,DIP,OCP,False,False,0.0000,0,4.0400,,,
single_agent_cloud,Single Agent (Cloud),LSP_29,MODERATE,JAVA,LSP,DIP,SRP,False,False,0.0000,0,4.0800,,,
single_agent_cloud,Single Agent (Cloud),LSP_30,MODERATE,PYTHON,LSP,LSP,OCP,True,True,1.0000,1,4.2800,,,
single_agent_cloud,Single Agent (Cloud),LSP_31,MODERATE,KOTLIN,LSP,LSP,OCP,True,True,1.0000,1,3.5800,,,
single_agent_cloud,Single Agent (Cloud),LSP_32,MODERATE,C#,LSP,LSP,OCP,True,True,1.0000,1,5.4700,,,
single_agent_cloud,Single Agent (Cloud),LSP_33,HARD,JAVA,LSP,LSP,SRP,True,True,1.0000,1,5.5600,,,
single_agent_cloud,Single Agent (Cloud),LSP_34,HARD,PYTHON,LSP,LSP,SRP,True,True,1.0000,1,4.0200,,,
single_agent_cloud,Single Agent (Cloud),LSP_35,HARD,KOTLIN,LSP,LSP,SRP,True,True,1.0000,1,4.8800,,,
single_agent_cloud,Single Agent (Cloud),LSP_36,HARD,C#,LSP,LSP,SRP,True,True,1.0000,1,5.2100,,,
single_agent_cloud,Single Agent (Cloud),LSP_37,EASY,JAVA,LSP,LSP,ISP,True,True,1.0000,1,4.0800,,,
single_agent_cloud,Single Agent (Cloud),LSP_38,EASY,PYTHON,LSP,LSP,ISP,True,True,1.0000,1,6.6500,,,
single_agent_cloud,Single Agent (Cloud),LSP_39,EASY,KOTLIN,LSP,LSP,ISP,True,True,1.0000,1,4.4900,,,
single_agent_cloud,Single Agent (Cloud),LSP_40,EASY,C#,LSP,LSP,ISP,True,True,1.0000,1,4.3600,,,
single_agent_cloud,Single Agent (Cloud),LSP_41,MODERATE,JAVA,LSP,LSP,ISP,True,True,1.0000,1,3.8000,,,
single_agent_cloud,Single Agent (Cloud),LSP_42,MODERATE,PYTHON,LSP,LSP,ISP,True,True,1.0000,1,11.2100,,,
single_agent_cloud,Single Agent (Cloud),LSP_43,MODERATE,KOTLIN,LSP,LSP,ISP,True,True,1.0000,1,8.4200,,,
single_agent_cloud,Single Agent (Cloud),LSP_44,MODERATE,C#,LSP,LSP,ISP,True,True,1.0000,1,3.4300,,,
single_agent_cloud,Single Agent (Cloud),LSP_45,HARD,JAVA,LSP,LSP,ISP,True,True,1.0000,1,15.5700,,,
single_agent_cloud,Single Agent (Cloud),LSP_46,HARD,PYTHON,LSP,LSP,ISP,True,True,1.0000,1,3.9600,,,
single_agent_cloud,Single Agent (Cloud),LSP_47,HARD,KOTLIN,LSP,LSP,ISP,True,True,1.0000,1,4.1600,,,
single_agent_cloud,Single Agent (Cloud),LSP_48,HARD,C#,LSP,LSP,SRP,True,True,1.0000,1,3.7400,,,
single_agent_cloud,Single Agent (Cloud),ISP_1,EASY,CSHARP,ISP,LSP,ISP,False,True,0.5000,2,3.3400,,,
single_agent_cloud,Single Agent (Cloud),ISP_2,EASY,CSHARP,ISP,LSP,ISP,False,True,0.5000,2,4.0800,,,
single_agent_cloud,Single Agent (Cloud),ISP_3,EASY,CSHARP,ISP,ISP,LSP,True,True,1.0000,1,4.1200,,,
single_agent_cloud,Single Agent (Cloud),ISP_4,EASY,CSHARP,ISP,LSP,ISP,False,True,0.5000,2,7.3700,,,
single_agent_cloud,Single Agent (Cloud),ISP_5,HARD,CSHARP,ISP,LSP,ISP,False,True,0.5000,2,9.7400,,,
single_agent_cloud,Single Agent (Cloud),ISP_6,HARD,CSHARP,ISP,LSP,ISP,False,True,0.5000,2,5.2100,,,
single_agent_cloud,Single Agent (Cloud),ISP_7,HARD,CSHARP,ISP,ISP,OCP,True,True,1.0000,1,4.4100,,,
single_agent_cloud,Single Agent (Cloud),ISP_8,HARD,CSHARP,ISP,ISP,LSP,True,True,1.0000,1,4.8400,,,
single_agent_cloud,Single Agent (Cloud),ISP_9,MODERATE,CSHARP,ISP,LSP,ISP,False,True,0.5000,2,4.0000,,,
single_agent_cloud,Single Agent (Cloud),ISP_10,MODERATE,CSHARP,ISP,LSP,ISP,False,True,0.5000,2,3.6900,,,
single_agent_cloud,Single Agent (Cloud),ISP_11,MODERATE,CSHARP,ISP,ISP,LSP,True,True,1.0000,1,3.4300,,,
single_agent_cloud,Single Agent (Cloud),ISP_12,MODERATE,CSHARP,ISP,ISP,LSP,True,True,1.0000,1,3.7800,,,
single_agent_cloud,Single Agent (Cloud),ISP_13,EASY,JAVA,ISP,LSP,ISP,False,True,0.5000,2,3.3300,,,
single_agent_cloud,Single Agent (Cloud),ISP_14,EASY,JAVA,ISP,LSP,ISP,False,True,0.5000,2,3.2000,,,
single_agent_cloud,Single Agent (Cloud),ISP_15,EASY,JAVA,ISP,ISP,LSP,True,True,1.0000,1,3.6100,,,
single_agent_cloud,Single Agent (Cloud),ISP_16,EASY,JAVA,ISP,LSP,ISP,False,True,0.5000,2,3.2100,,,
single_agent_cloud,Single Agent (Cloud),ISP_17,HARD,JAVA,ISP,LSP,ISP,False,True,0.5000,2,3.3700,,,
single_agent_cloud,Single Agent (Cloud),ISP_18,HARD,JAVA,ISP,LSP,ISP,False,True,0.5000,2,4.6300,,,
single_agent_cloud,Single Agent (Cloud),ISP_19,HARD,JAVA,ISP,ISP,OCP,True,True,1.0000,1,6.1200,,,
single_agent_cloud,Single Agent (Cloud),ISP_20,HARD,JAVA,ISP,ISP,LSP,True,True,1.0000,1,3.5200,,,
single_agent_cloud,Single Agent (Cloud),ISP_21,MODERATE,JAVA,ISP,LSP,ISP,False,True,0.5000,2,7.6500,,,
single_agent_cloud,Single Agent (Cloud),ISP_22,MODERATE,JAVA,ISP,LSP,ISP,False,True,0.5000,2,5.2600,,,
single_agent_cloud,Single Agent (Cloud),ISP_23,MODERATE,JAVA,ISP,ISP,LSP,True,True,1.0000,1,4.9200,,,
single_agent_cloud,Single Agent (Cloud),ISP_24,MODERATE,JAVA,ISP,ISP,LSP,True,True,1.0000,1,4.1700,,,
single_agent_cloud,Single Agent (Cloud),ISP_25,EASY,KOTLIN,ISP,LSP,ISP,False,True,0.5000,2,3.5900,,,
single_agent_cloud,Single Agent (Cloud),ISP_26,EASY,KOTLIN,ISP,LSP,ISP,False,True,0.5000,2,3.2700,,,
single_agent_cloud,Single Agent (Cloud),ISP_27,EASY,KOTLIN,ISP,ISP,LSP,True,True,1.0000,1,6.5400,,,
single_agent_cloud,Single Agent (Cloud),ISP_28,EASY,KOTLIN,ISP,LSP,ISP,False,True,0.5000,2,4.1200,,,
single_agent_cloud,Single Agent (Cloud),ISP_29,HARD,KOTLIN,ISP,LSP,ISP,False,True,0.5000,2,6.5100,,,
single_agent_cloud,Single Agent (Cloud),ISP_30,HARD,KOTLIN,ISP,LSP,ISP,False,True,0.5000,2,5.9100,,,
single_agent_cloud,Single Agent (Cloud),ISP_31,HARD,KOTLIN,ISP,ISP,OCP,True,True,1.0000,1,5.7300,,,
single_agent_cloud,Single Agent (Cloud),ISP_32,HARD,KOTLIN,ISP,LSP,ISP,False,True,0.5000,2,4.4800,,,
single_agent_cloud,Single Agent (Cloud),ISP_33,MODERATE,KOTLIN,ISP,LSP,ISP,False,True,0.5000,2,7.1600,,,
single_agent_cloud,Single Agent (Cloud),ISP_34,MODERATE,KOTLIN,ISP,LSP,ISP,False,True,0.5000,2,5.9200,,,
single_agent_cloud,Single Agent (Cloud),ISP_35,MODERATE,KOTLIN,ISP,ISP,LSP,True,True,1.0000,1,4.2200,,,
single_agent_cloud,Single Agent (Cloud),ISP_36,MODERATE,KOTLIN,ISP,ISP,LSP,True,True,1.0000,1,5.4400,,,
single_agent_cloud,Single Agent (Cloud),ISP_37,EASY,PYTHON,ISP,LSP,ISP,False,True,0.5000,2,8.0100,,,
single_agent_cloud,Single Agent (Cloud),ISP_38,EASY,PYTHON,ISP,LSP,ISP,False,True,0.5000,2,6.2600,,,
single_agent_cloud,Single Agent (Cloud),ISP_39,EASY,PYTHON,ISP,ISP,LSP,True,True,1.0000,1,3.9900,,,
single_agent_cloud,Single Agent (Cloud),ISP_40,EASY,PYTHON,ISP,LSP,ISP,False,True,0.5000,2,6.4600,,,
single_agent_cloud,Single Agent (Cloud),ISP_41,HARD,PYTHON,ISP,LSP,ISP,False,True,0.5000,2,4.3900,,,
single_agent_cloud,Single Agent (Cloud),ISP_42,HARD,PYTHON,ISP,LSP,ISP,False,True,0.5000,2,3.4700,,,
single_agent_cloud,Single Agent (Cloud),ISP_43,HARD,PYTHON,ISP,ISP,LSP,True,True,1.0000,1,5.1000,,,
single_agent_cloud,Single Agent (Cloud),ISP_44,HARD,PYTHON,ISP,ISP,LSP,True,True,1.0000,1,5.2400,,,
single_agent_cloud,Single Agent (Cloud),ISP_45,MODERATE,PYTHON,ISP,LSP,ISP,False,True,0.5000,2,3.7700,,,
single_agent_cloud,Single Agent (Cloud),ISP_46,MODERATE,PYTHON,ISP,LSP,ISP,False,True,0.5000,2,4.4800,,,
single_agent_cloud,Single Agent (Cloud),ISP_47,MODERATE,PYTHON,ISP,ISP,LSP,True,True,1.0000,1,10.7500,,,
single_agent_cloud,Single Agent (Cloud),ISP_48,MODERATE,PYTHON,ISP,ISP,LSP,True,True,1.0000,1,5.0400,,,
single_agent_cloud,Single Agent (Cloud),DIP_1,EASY,JAVA,DIP,DIP,SRP,True,True,1.0000,1,11.4900,,,
single_agent_cloud,Single Agent (Cloud),DIP_2,EASY,PYTHON,DIP,DIP,SRP,True,True,1.0000,1,4.3500,,,
single_agent_cloud,Single Agent (Cloud),DIP_3,EASY,KOTLIN,DIP,DIP,SRP,True,True,1.0000,1,3.2800,,,
single_agent_cloud,Single Agent (Cloud),DIP_4,EASY,C#,DIP,DIP,SRP,True,True,1.0000,1,4.1600,,,
single_agent_cloud,Single Agent (Cloud),DIP_5,MODERATE,JAVA,DIP,DIP,SRP,True,True,1.0000,1,4.8500,,,
single_agent_cloud,Single Agent (Cloud),DIP_6,MODERATE,PYTHON,DIP,DIP,SRP,True,True,1.0000,1,3.4400,,,
single_agent_cloud,Single Agent (Cloud),DIP_7,MODERATE,KOTLIN,DIP,DIP,SRP,True,True,1.0000,1,3.7300,,,
single_agent_cloud,Single Agent (Cloud),DIP_8,MODERATE,C#,DIP,DIP,SRP,True,True,1.0000,1,3.3500,,,
single_agent_cloud,Single Agent (Cloud),DIP_9,HARD,JAVA,DIP,SRP,DIP,False,True,0.5000,2,3.9100,,,
single_agent_cloud,Single Agent (Cloud),DIP_10,HARD,PYTHON,DIP,SRP,DIP,False,True,0.5000,2,4.6000,,,
single_agent_cloud,Single Agent (Cloud),DIP_11,HARD,KOTLIN,DIP,SRP,DIP,False,True,0.5000,2,3.3500,,,
single_agent_cloud,Single Agent (Cloud),DIP_12,HARD,C#,DIP,SRP,DIP,False,True,0.5000,2,3.6300,,,
single_agent_cloud,Single Agent (Cloud),DIP_13,EASY,JAVA,DIP,DIP,OCP,True,True,1.0000,1,2.5600,,,
single_agent_cloud,Single Agent (Cloud),DIP_14,EASY,PYTHON,DIP,DIP,OCP,True,True,1.0000,1,2.6300,,,
single_agent_cloud,Single Agent (Cloud),DIP_15,EASY,KOTLIN,DIP,DIP,OCP,True,True,1.0000,1,3.0100,,,
single_agent_cloud,Single Agent (Cloud),DIP_16,EASY,C#,DIP,DIP,OCP,True,True,1.0000,1,2.5700,,,
single_agent_cloud,Single Agent (Cloud),DIP_17,MODERATE,JAVA,DIP,OCP,DIP,False,True,0.5000,2,2.9000,,,
single_agent_cloud,Single Agent (Cloud),DIP_18,MODERATE,PYTHON,DIP,OCP,DIP,False,True,0.5000,2,3.0200,,,
single_agent_cloud,Single Agent (Cloud),DIP_19,MODERATE,KOTLIN,DIP,OCP,DIP,False,True,0.5000,2,2.6200,,,
single_agent_cloud,Single Agent (Cloud),DIP_20,MODERATE,C#,DIP,OCP,DIP,False,True,0.5000,2,3.2100,,,
single_agent_cloud,Single Agent (Cloud),DIP_21,HARD,JAVA,DIP,OCP,DIP,False,True,0.5000,2,9.7300,,,
single_agent_cloud,Single Agent (Cloud),DIP_22,HARD,PYTHON,DIP,OCP,DIP,False,True,0.5000,2,3.2100,,,
single_agent_cloud,Single Agent (Cloud),DIP_23,HARD,KOTLIN,DIP,OCP,DIP,False,True,0.5000,2,5.7600,,,
single_agent_cloud,Single Agent (Cloud),DIP_24,HARD,C#,DIP,OCP,DIP,False,True,0.5000,2,3.6400,,,
single_agent_cloud,Single Agent (Cloud),DIP_25,EASY,JAVA,DIP,SRP,DIP,False,True,0.5000,2,3.5800,,,
single_agent_cloud,Single Agent (Cloud),DIP_26,EASY,PYTHON,DIP,SRP,DIP,False,True,0.5000,2,2.9300,,,
single_agent_cloud,Single Agent (Cloud),DIP_27,EASY,KOTLIN,DIP,DIP,SRP,True,True,1.0000,1,2.8800,,,
single_agent_cloud,Single Agent (Cloud),DIP_28,EASY,C#,DIP,SRP,DIP,False,True,0.5000,2,3.0000,,,
single_agent_cloud,Single Agent (Cloud),DIP_29,MODERATE,JAVA,DIP,SRP,DIP,False,True,0.5000,2,7.0100,,,
single_agent_cloud,Single Agent (Cloud),DIP_30,MODERATE,PYTHON,DIP,SRP,DIP,False,True,0.5000,2,4.2200,,,
single_agent_cloud,Single Agent (Cloud),DIP_31,MODERATE,KOTLIN,DIP,SRP,DIP,False,True,0.5000,2,13.7600,,,
single_agent_cloud,Single Agent (Cloud),DIP_32,MODERATE,C#,DIP,SRP,DIP,False,True,0.5000,2,4.6400,,,
single_agent_cloud,Single Agent (Cloud),DIP_33,HARD,JAVA,DIP,SRP,OCP,False,False,0.0000,0,3.8700,,,
single_agent_cloud,Single Agent (Cloud),DIP_34,HARD,PYTHON,DIP,SRP,OCP,False,False,0.0000,0,6.1000,,,
single_agent_cloud,Single Agent (Cloud),DIP_35,HARD,KOTLIN,DIP,SRP,OCP,False,False,0.0000,0,18.0000,,,
single_agent_cloud,Single Agent (Cloud),DIP_36,HARD,C#,DIP,SRP,OCP,False,False,0.0000,0,13.0100,,,
single_agent_cloud,Single Agent (Cloud),DIP_37,EASY,JAVA,DIP,DIP,OCP,True,True,1.0000,1,3.1400,,,
single_agent_cloud,Single Agent (Cloud),DIP_38,EASY,PYTHON,DIP,DIP,OCP,True,True,1.0000,1,4.2900,,,
single_agent_cloud,Single Agent (Cloud),DIP_39,EASY,KOTLIN,DIP,DIP,OCP,True,True,1.0000,1,2.6000,,,
single_agent_cloud,Single Agent (Cloud),DIP_40,EASY,C#,DIP,DIP,OCP,True,True,1.0000,1,2.5900,,,
single_agent_cloud,Single Agent (Cloud),DIP_41,MODERATE,JAVA,DIP,DIP,SRP,True,True,1.0000,1,3.0400,,,
single_agent_cloud,Single Agent (Cloud),DIP_42,MODERATE,PYTHON,DIP,DIP,SRP,True,True,1.0000,1,2.9500,,,
single_agent_cloud,Single Agent (Cloud),DIP_43,MODERATE,KOTLIN,DIP,DIP,SRP,True,True,1.0000,1,2.3900,,,
single_agent_cloud,Single Agent (Cloud),DIP_44,MODERATE,C#,DIP,DIP,SRP,True,True,1.0000,1,3.3700,,,
single_agent_cloud,Single Agent (Cloud),DIP_45,HARD,JAVA,DIP,DIP,SRP,True,True,1.0000,1,4.3500,,,
single_agent_cloud,Single Agent (Cloud),DIP_46,HARD,PYTHON,DIP,DIP,SRP,True,True,1.0000,1,2.9200,,,
single_agent_cloud,Single Agent (Cloud),DIP_47,HARD,KOTLIN,DIP,DIP,SRP,True,True,1.0000,1,3.3400,,,
single_agent_cloud,Single Agent (Cloud),DIP_48,HARD,C#,DIP,DIP,SRP,True,True,1.0000,1,3.0700,,,
