model,violation_type,example_id,level,language,detection_success,detected_violation_type,actual_violation_type,processing_time,api_call_success
deepseek-r1-8b,LSP,LSP_1,EASY,JAVA,True,LSP,LSP,4.5,True
deepseek-r1-8b,LSP,LSP_2,EASY,PYTHON,True,LSP,LSP,1.43,True
deepseek-r1-8b,LSP,LSP_3,EASY,KOTLIN,False,,LSP,0.87,True
deepseek-r1-8b,LSP,LSP_4,EASY,C#,True,LSP,LSP,1.4,True
deepseek-r1-8b,LSP,LSP_5,MODERATE,JAVA,True,LSP,LSP,1.74,True
deepseek-r1-8b,LSP,LSP_6,MODERATE,PYTHON,True,LSP,LSP,1.79,True
deepseek-r1-8b,LSP,LSP_7,MODERATE,KOTLIN,True,LSP,LSP,1.67,True
deepseek-r1-8b,LSP,LSP_8,MODERATE,C#,True,LSP,LSP,1.72,True
deepseek-r1-8b,LSP,LSP_9,HARD,JAVA,True,LSP,LSP,2.67,True
deepseek-r1-8b,LSP,LSP_10,HARD,PYTHON,False,ISP,LSP,2.11,True
deepseek-r1-8b,LSP,LSP_11,HARD,KOTLIN,True,LSP,LSP,2.37,True
deepseek-r1-8b,LSP,LSP_12,HARD,C#,False,,LSP,1.58,True
deepseek-r1-8b,LSP,LSP_13,EASY,JAVA,False,OCP,LSP,1.47,True
deepseek-r1-8b,LSP,LSP_14,EASY,PYTHON,False,,LSP,0.77,True
deepseek-r1-8b,LSP,LSP_15,EASY,KOTLIN,True,LSP,LSP,1.56,True
deepseek-r1-8b,LSP,LSP_16,EASY,C#,True,LSP,LSP,1.53,True
deepseek-r1-8b,LSP,LSP_17,MODERATE,JAVA,False,OCP,LSP,1.89,True
deepseek-r1-8b,LSP,LSP_18,MODERATE,PYTHON,False,OCP,LSP,1.53,True
deepseek-r1-8b,LSP,LSP_19,MODERATE,KOTLIN,True,LSP,LSP,1.42,True
deepseek-r1-8b,LSP,LSP_20,MODERATE,C#,True,LSP,LSP,2.02,True
deepseek-r1-8b,LSP,LSP_21,HARD,JAVA,True,LSP,LSP,2.12,True
deepseek-r1-8b,LSP,LSP_22,HARD,PYTHON,False,OCP,LSP,2.14,True
deepseek-r1-8b,LSP,LSP_23,HARD,KOTLIN,False,OCP,LSP,2.26,True
deepseek-r1-8b,LSP,LSP_24,HARD,C#,True,LSP,LSP,2.28,True
deepseek-r1-8b,LSP,LSP_25,EASY,JAVA,False,ISP,LSP,1.3,True
deepseek-r1-8b,LSP,LSP_26,EASY,PYTHON,False,DIP,LSP,1.35,True
deepseek-r1-8b,LSP,LSP_27,EASY,KOTLIN,False,OCP,LSP,1.51,True
deepseek-r1-8b,LSP,LSP_28,EASY,C#,False,OCP,LSP,1.76,True
deepseek-r1-8b,LSP,LSP_29,MODERATE,JAVA,False,OCP,LSP,1.87,True
deepseek-r1-8b,LSP,LSP_30,MODERATE,PYTHON,True,LSP,LSP,1.6,True
deepseek-r1-8b,LSP,LSP_31,MODERATE,KOTLIN,True,LSP,LSP,1.75,True
deepseek-r1-8b,LSP,LSP_32,MODERATE,C#,True,LSP,LSP,2.92,True
deepseek-r1-8b,LSP,LSP_33,HARD,JAVA,False,ISP,LSP,2.46,True
deepseek-r1-8b,LSP,LSP_34,HARD,PYTHON,False,ISP,LSP,2.9,True
deepseek-r1-8b,LSP,LSP_35,HARD,KOTLIN,False,ISP,LSP,2.81,True
deepseek-r1-8b,LSP,LSP_36,HARD,C#,False,ISP,LSP,2.7,True
deepseek-r1-8b,LSP,LSP_37,EASY,JAVA,False,,LSP,0.8,True
deepseek-r1-8b,LSP,LSP_38,EASY,PYTHON,False,,LSP,0.81,True
deepseek-r1-8b,LSP,LSP_39,EASY,KOTLIN,False,,LSP,0.8,True
deepseek-r1-8b,LSP,LSP_40,EASY,C#,False,,LSP,0.83,True
deepseek-r1-8b,LSP,LSP_41,MODERATE,JAVA,True,LSP,LSP,1.84,True
deepseek-r1-8b,LSP,LSP_42,MODERATE,PYTHON,False,OCP,LSP,1.76,True
deepseek-r1-8b,LSP,LSP_43,MODERATE,KOTLIN,True,LSP,LSP,1.6,True
deepseek-r1-8b,LSP,LSP_44,MODERATE,C#,True,LSP,LSP,1.63,True
deepseek-r1-8b,LSP,LSP_45,HARD,JAVA,False,OCP,LSP,2.88,True
deepseek-r1-8b,LSP,LSP_46,HARD,PYTHON,False,ISP,LSP,1.74,True
deepseek-r1-8b,LSP,LSP_47,HARD,KOTLIN,False,OCP,LSP,1.92,True
deepseek-r1-8b,LSP,LSP_48,HARD,C#,False,OCP,LSP,2.93,True
deepseek-r1-8b,SRP,SRP_1,EASY,JAVA,False,,SRP,0.78,True
deepseek-r1-8b,SRP,SRP_2,EASY,JAVA,False,,SRP,0.79,True
deepseek-r1-8b,SRP,SRP_3,EASY,JAVA,False,,SRP,0.78,True
deepseek-r1-8b,SRP,SRP_4,EASY,JAVA,False,,SRP,0.78,True
deepseek-r1-8b,SRP,SRP_5,MODERATE,JAVA,False,DIP,SRP,1.57,True
deepseek-r1-8b,SRP,SRP_6,MODERATE,JAVA,False,DIP,SRP,1.88,True
deepseek-r1-8b,SRP,SRP_7,MODERATE,JAVA,True,SRP,SRP,2.21,True
deepseek-r1-8b,SRP,SRP_8,MODERATE,JAVA,False,DIP,SRP,1.58,True
deepseek-r1-8b,SRP,SRP_9,HARD,JAVA,True,SRP,SRP,2.83,True
deepseek-r1-8b,SRP,SRP_10,HARD,JAVA,False,Single Responsibility (SRP),SRP,2.91,True
deepseek-r1-8b,SRP,SRP_11,HARD,JAVA,False,OCP,SRP,3.19,True
deepseek-r1-8b,SRP,SRP_12,HARD,JAVA,True,SRP,SRP,3.52,True
deepseek-r1-8b,SRP,SRP_13,EASY,PYTHON,False,,SRP,0.76,True
deepseek-r1-8b,SRP,SRP_14,EASY,PYTHON,False,,SRP,0.77,True
deepseek-r1-8b,SRP,SRP_15,EASY,PYTHON,False,,SRP,0.77,True
deepseek-r1-8b,SRP,SRP_16,EASY,PYTHON,False,,SRP,0.78,True
deepseek-r1-8b,SRP,SRP_17,MODERATE,PYTHON,True,SRP,SRP,1.87,True
deepseek-r1-8b,SRP,SRP_18,MODERATE,PYTHON,True,SRP,SRP,2.15,True
deepseek-r1-8b,SRP,SRP_19,MODERATE,PYTHON,True,SRP,SRP,2.21,True
deepseek-r1-8b,SRP,SRP_20,MODERATE,PYTHON,False,DIP,SRP,1.57,True
deepseek-r1-8b,SRP,SRP_21,HARD,PYTHON,True,SRP,SRP,2.35,True
deepseek-r1-8b,SRP,SRP_22,HARD,PYTHON,True,SRP,SRP,2.84,True
deepseek-r1-8b,SRP,SRP_23,HARD,PYTHON,True,SRP,SRP,2.69,True
deepseek-r1-8b,SRP,SRP_24,HARD,PYTHON,True,SRP,SRP,3.14,True
deepseek-r1-8b,SRP,SRP_25,EASY,KOTLIN,False,,SRP,0.75,True
deepseek-r1-8b,SRP,SRP_26,EASY,KOTLIN,False,,SRP,0.77,True
deepseek-r1-8b,SRP,SRP_27,EASY,KOTLIN,False,,SRP,0.77,True
deepseek-r1-8b,SRP,SRP_28,EASY,KOTLIN,False,,SRP,0.75,True
deepseek-r1-8b,SRP,SRP_29,MODERATE,KOTLIN,True,SRP,SRP,1.7,True
deepseek-r1-8b,SRP,SRP_30,MODERATE,KOTLIN,True,SRP,SRP,1.99,True
deepseek-r1-8b,SRP,SRP_31,MODERATE,KOTLIN,True,SRP,SRP,2.63,True
deepseek-r1-8b,SRP,SRP_32,MODERATE,KOTLIN,False,OCP,SRP,1.68,True
deepseek-r1-8b,SRP,SRP_33,HARD,KOTLIN,False,Single Responsibility (SRP),SRP,2.66,True
deepseek-r1-8b,SRP,SRP_34,HARD,KOTLIN,False,Single Responsibility (SRP),SRP,2.65,True
deepseek-r1-8b,SRP,SRP_35,HARD,KOTLIN,True,SRP,SRP,2.63,True
deepseek-r1-8b,SRP,SRP_36,HARD,KOTLIN,True,SRP,SRP,3.07,True
deepseek-r1-8b,SRP,SRP_37,EASY,CSHARP,False,,SRP,0.8,True
deepseek-r1-8b,SRP,SRP_38,EASY,CSHARP,False,,SRP,0.81,True
deepseek-r1-8b,SRP,SRP_39,EASY,CSHARP,False,,SRP,0.79,True
deepseek-r1-8b,SRP,SRP_40,EASY,CSHARP,False,,SRP,0.77,True
deepseek-r1-8b,SRP,SRP_41,MODERATE,CSHARP,False,DIP,SRP,1.63,True
deepseek-r1-8b,SRP,SRP_42,MODERATE,CSHARP,False,ISP,SRP,2.07,True
deepseek-r1-8b,SRP,SRP_43,MODERATE,CSHARP,True,SRP,SRP,2.2,True
deepseek-r1-8b,SRP,SRP_44,MODERATE,CSHARP,False,DIP,SRP,1.63,True
deepseek-r1-8b,SRP,SRP_45,HARD,CSHARP,True,SRP,SRP,2.78,True
deepseek-r1-8b,SRP,SRP_46,HARD,CSHARP,True,SRP,SRP,2.81,True
deepseek-r1-8b,SRP,SRP_47,HARD,CSHARP,False,Single Responsibility (SRP),SRP,2.91,True
deepseek-r1-8b,SRP,SRP_48,HARD,CSHARP,True,SRP,SRP,3.25,True
deepseek-r1-8b,OCP,OCP_1,EASY,CSHARP,True,OCP,OCP,1.41,True
deepseek-r1-8b,OCP,OCP_2,EASY,CSHARP,True,OCP,OCP,1.67,True
deepseek-r1-8b,OCP,OCP_3,EASY,CSHARP,True,OCP,OCP,1.55,True
deepseek-r1-8b,OCP,OCP_4,EASY,CSHARP,True,OCP,OCP,1.62,True
deepseek-r1-8b,OCP,OCP_5,HARD,CSHARP,True,OCP,OCP,3.34,True
deepseek-r1-8b,OCP,OCP_6,HARD,CSHARP,True,OCP,OCP,2.66,True
deepseek-r1-8b,OCP,OCP_7,HARD,CSHARP,True,OCP,OCP,3.54,True
deepseek-r1-8b,OCP,OCP_8,HARD,CSHARP,True,OCP,OCP,3.29,True
deepseek-r1-8b,OCP,OCP_9,MODERATE,CSHARP,True,OCP,OCP,1.95,True
deepseek-r1-8b,OCP,OCP_10,MODERATE,CSHARP,True,OCP,OCP,1.53,True
deepseek-r1-8b,OCP,OCP_11,MODERATE,CSHARP,True,OCP,OCP,2.43,True
deepseek-r1-8b,OCP,OCP_12,MODERATE,CSHARP,True,OCP,OCP,2.92,True
deepseek-r1-8b,OCP,OCP_13,EASY,JAVA,True,OCP,OCP,1.49,True
deepseek-r1-8b,OCP,OCP_14,EASY,JAVA,True,OCP,OCP,1.5,True
deepseek-r1-8b,OCP,OCP_15,EASY,JAVA,True,OCP,OCP,1.28,True
deepseek-r1-8b,OCP,OCP_16,EASY,JAVA,True,OCP,OCP,1.88,True
deepseek-r1-8b,OCP,OCP_17,HARD,JAVA,True,OCP,OCP,3.94,True
deepseek-r1-8b,OCP,OCP_18,HARD,JAVA,True,OCP,OCP,2.3,True
deepseek-r1-8b,OCP,OCP_19,HARD,JAVA,True,OCP,OCP,3.12,True
deepseek-r1-8b,OCP,OCP_20,HARD,JAVA,True,OCP,OCP,3.22,True
deepseek-r1-8b,OCP,OCP_21,MODERATE,JAVA,True,OCP,OCP,2.03,True
deepseek-r1-8b,OCP,OCP_22,MODERATE,JAVA,True,OCP,OCP,1.93,True
deepseek-r1-8b,OCP,OCP_23,MODERATE,JAVA,True,OCP,OCP,2.51,True
deepseek-r1-8b,OCP,OCP_24,MODERATE,JAVA,True,OCP,OCP,2.58,True
deepseek-r1-8b,OCP,OCP_25,EASY,KOTLIN,True,OCP,OCP,1.51,True
deepseek-r1-8b,OCP,OCP_26,EASY,KOTLIN,True,OCP,OCP,1.27,True
deepseek-r1-8b,OCP,OCP_27,EASY,KOTLIN,False,,OCP,0.83,True
deepseek-r1-8b,OCP,OCP_28,EASY,KOTLIN,True,OCP,OCP,1.52,True
deepseek-r1-8b,OCP,OCP_29,HARD,KOTLIN,True,OCP,OCP,2.91,True
deepseek-r1-8b,OCP,OCP_30,HARD,KOTLIN,True,OCP,OCP,2.2,True
deepseek-r1-8b,OCP,OCP_31,HARD,KOTLIN,True,OCP,OCP,2.99,True
deepseek-r1-8b,OCP,OCP_32,HARD,KOTLIN,False,,OCP,2.21,True
deepseek-r1-8b,OCP,OCP_33,MODERATE,KOTLIN,False,ISP,OCP,1.75,True
deepseek-r1-8b,OCP,OCP_34,MODERATE,KOTLIN,True,OCP,OCP,2.11,True
deepseek-r1-8b,OCP,OCP_35,MODERATE,KOTLIN,True,OCP,OCP,2.19,True
deepseek-r1-8b,OCP,OCP_36,MODERATE,KOTLIN,False,ISP,OCP,2.01,True
deepseek-r1-8b,OCP,OCP_37,EASY,PYTHON,True,OCP,OCP,1.57,True
deepseek-r1-8b,OCP,OCP_38,EASY,PYTHON,True,OCP,OCP,1.54,True
deepseek-r1-8b,OCP,OCP_39,EASY,PYTHON,True,OCP,OCP,1.36,True
deepseek-r1-8b,OCP,OCP_40,EASY,PYTHON,True,OCP,OCP,1.42,True
deepseek-r1-8b,OCP,OCP_41,HARD,PYTHON,True,OCP,OCP,3.1,True
deepseek-r1-8b,OCP,OCP_42,HARD,PYTHON,False,ISP,OCP,2.48,True
deepseek-r1-8b,OCP,OCP_43,HARD,PYTHON,True,OCP,OCP,3.15,True
deepseek-r1-8b,OCP,OCP_44,HARD,PYTHON,True,OCP,OCP,3.64,True
deepseek-r1-8b,OCP,OCP_45,MODERATE,PYTHON,True,OCP,OCP,2.13,True
deepseek-r1-8b,OCP,OCP_46,MODERATE,PYTHON,True,OCP,OCP,1.58,True
deepseek-r1-8b,OCP,OCP_47,MODERATE,PYTHON,True,OCP,OCP,2.37,True
deepseek-r1-8b,OCP,OCP_48,MODERATE,PYTHON,True,OCP,OCP,2.63,True
deepseek-r1-8b,ISP,ISP_1,EASY,CSHARP,True,ISP,ISP,1.89,True
deepseek-r1-8b,ISP,ISP_2,EASY,CSHARP,True,ISP,ISP,1.66,True
deepseek-r1-8b,ISP,ISP_3,EASY,CSHARP,True,ISP,ISP,1.96,True
deepseek-r1-8b,ISP,ISP_4,EASY,CSHARP,True,ISP,ISP,1.56,True
deepseek-r1-8b,ISP,ISP_5,HARD,CSHARP,True,ISP,ISP,2.53,True
deepseek-r1-8b,ISP,ISP_6,HARD,CSHARP,True,ISP,ISP,2.48,True
deepseek-r1-8b,ISP,ISP_7,HARD,CSHARP,True,ISP,ISP,2.97,True
deepseek-r1-8b,ISP,ISP_8,HARD,CSHARP,True,ISP,ISP,2.32,True
deepseek-r1-8b,ISP,ISP_9,MODERATE,CSHARP,True,ISP,ISP,1.94,True
deepseek-r1-8b,ISP,ISP_10,MODERATE,CSHARP,False,LSP,ISP,2.24,True
deepseek-r1-8b,ISP,ISP_11,MODERATE,CSHARP,False,LSP,ISP,1.97,True
deepseek-r1-8b,ISP,ISP_12,MODERATE,CSHARP,True,ISP,ISP,1.73,True
deepseek-r1-8b,ISP,ISP_13,EASY,JAVA,False,LSP,ISP,1.67,True
deepseek-r1-8b,ISP,ISP_14,EASY,JAVA,True,ISP,ISP,1.57,True
deepseek-r1-8b,ISP,ISP_15,EASY,JAVA,False,LSP,ISP,1.9,True
deepseek-r1-8b,ISP,ISP_16,EASY,JAVA,False,,ISP,0.86,True
deepseek-r1-8b,ISP,ISP_17,HARD,JAVA,True,ISP,ISP,2.5,True
deepseek-r1-8b,ISP,ISP_18,HARD,JAVA,False,,ISP,2.02,True
deepseek-r1-8b,ISP,ISP_19,HARD,JAVA,True,ISP,ISP,2.8,True
deepseek-r1-8b,ISP,ISP_20,HARD,JAVA,True,ISP,ISP,2.25,True
deepseek-r1-8b,ISP,ISP_21,MODERATE,JAVA,True,ISP,ISP,1.69,True
deepseek-r1-8b,ISP,ISP_22,MODERATE,JAVA,False,LSP,ISP,2.38,True
deepseek-r1-8b,ISP,ISP_23,MODERATE,JAVA,False,LSP,ISP,1.72,True
deepseek-r1-8b,ISP,ISP_24,MODERATE,JAVA,True,ISP,ISP,2.1,True
deepseek-r1-8b,ISP,ISP_25,EASY,KOTLIN,True,ISP,ISP,1.72,True
deepseek-r1-8b,ISP,ISP_26,EASY,KOTLIN,False,LSP,ISP,1.74,True
deepseek-r1-8b,ISP,ISP_27,EASY,KOTLIN,False,LSP,ISP,1.8,True
deepseek-r1-8b,ISP,ISP_28,EASY,KOTLIN,False,,ISP,0.86,True
deepseek-r1-8b,ISP,ISP_29,HARD,KOTLIN,False,LSP,ISP,3.53,True
deepseek-r1-8b,ISP,ISP_30,HARD,KOTLIN,False,LSP,ISP,2.72,True
deepseek-r1-8b,ISP,ISP_31,HARD,KOTLIN,False,LSP,ISP,3.66,True
deepseek-r1-8b,ISP,ISP_32,HARD,KOTLIN,True,ISP,ISP,2.19,True
deepseek-r1-8b,ISP,ISP_33,MODERATE,KOTLIN,True,ISP,ISP,2.15,True
deepseek-r1-8b,ISP,ISP_34,MODERATE,KOTLIN,False,LSP,ISP,2.57,True
deepseek-r1-8b,ISP,ISP_35,MODERATE,KOTLIN,False,LSP,ISP,1.58,True
deepseek-r1-8b,ISP,ISP_36,MODERATE,KOTLIN,True,ISP,ISP,2.05,True
deepseek-r1-8b,ISP,ISP_37,EASY,PYTHON,False,LSP,ISP,1.86,True
deepseek-r1-8b,ISP,ISP_38,EASY,PYTHON,False,LSP,ISP,1.9,True
deepseek-r1-8b,ISP,ISP_39,EASY,PYTHON,False,LSP,ISP,2.13,True
deepseek-r1-8b,ISP,ISP_40,EASY,PYTHON,False,LSP,ISP,1.77,True
deepseek-r1-8b,ISP,ISP_41,HARD,PYTHON,False,LSP,ISP,3.27,True
deepseek-r1-8b,ISP,ISP_42,HARD,PYTHON,False,LSP,ISP,3.28,True
deepseek-r1-8b,ISP,ISP_43,HARD,PYTHON,False,LSP,ISP,2.65,True
deepseek-r1-8b,ISP,ISP_44,HARD,PYTHON,True,ISP,ISP,2.06,True
deepseek-r1-8b,ISP,ISP_45,MODERATE,PYTHON,False,LSP,ISP,2.08,True
deepseek-r1-8b,ISP,ISP_46,MODERATE,PYTHON,False,LSP,ISP,2.31,True
deepseek-r1-8b,ISP,ISP_47,MODERATE,PYTHON,False,LSP,ISP,1.82,True
deepseek-r1-8b,ISP,ISP_48,MODERATE,PYTHON,False,LSP,ISP,2.34,True
deepseek-r1-8b,DIP,DIP_1,EASY,JAVA,False,OCP,DIP,1.38,True
deepseek-r1-8b,DIP,DIP_2,EASY,PYTHON,False,ISP,DIP,1.21,True
deepseek-r1-8b,DIP,DIP_3,EASY,KOTLIN,True,DIP,DIP,1.29,True
deepseek-r1-8b,DIP,DIP_4,EASY,C#,True,DIP,DIP,1.34,True
deepseek-r1-8b,DIP,DIP_5,MODERATE,JAVA,True,DIP,DIP,1.29,True
deepseek-r1-8b,DIP,DIP_6,MODERATE,PYTHON,True,DIP,DIP,1.5,True
deepseek-r1-8b,DIP,DIP_7,MODERATE,KOTLIN,True,DIP,DIP,1.38,True
deepseek-r1-8b,DIP,DIP_8,MODERATE,C#,True,DIP,DIP,1.31,True
deepseek-r1-8b,DIP,DIP_9,HARD,JAVA,False,OCP,DIP,2.08,True
deepseek-r1-8b,DIP,DIP_10,HARD,PYTHON,True,DIP,DIP,1.94,True
deepseek-r1-8b,DIP,DIP_11,HARD,KOTLIN,True,DIP,DIP,1.82,True
deepseek-r1-8b,DIP,DIP_12,HARD,C#,False,OCP,DIP,2.16,True
deepseek-r1-8b,DIP,DIP_13,EASY,JAVA,False,OCP,DIP,1.37,True
deepseek-r1-8b,DIP,DIP_14,EASY,PYTHON,False,,DIP,0.82,True
deepseek-r1-8b,DIP,DIP_15,EASY,KOTLIN,True,DIP,DIP,1.53,True
deepseek-r1-8b,DIP,DIP_16,EASY,C#,True,DIP,DIP,1.53,True
deepseek-r1-8b,DIP,DIP_17,MODERATE,JAVA,False,OCP,DIP,1.53,True
deepseek-r1-8b,DIP,DIP_18,MODERATE,PYTHON,False,OCP,DIP,1.73,True
deepseek-r1-8b,DIP,DIP_19,MODERATE,KOTLIN,False,OCP,DIP,1.88,True
deepseek-r1-8b,DIP,DIP_20,MODERATE,C#,False,OCP,DIP,1.7,True
deepseek-r1-8b,DIP,DIP_21,HARD,JAVA,False,OCP,DIP,2.95,True
deepseek-r1-8b,DIP,DIP_22,HARD,PYTHON,False,OCP,DIP,2.31,True
deepseek-r1-8b,DIP,DIP_23,HARD,KOTLIN,False,ISP,DIP,1.99,True
deepseek-r1-8b,DIP,DIP_24,HARD,C#,False,OCP,DIP,2.52,True
deepseek-r1-8b,DIP,DIP_25,EASY,JAVA,False,,DIP,0.84,True
deepseek-r1-8b,DIP,DIP_26,EASY,PYTHON,False,,DIP,0.83,True
deepseek-r1-8b,DIP,DIP_27,EASY,KOTLIN,False,OCP,DIP,1.31,True
deepseek-r1-8b,DIP,DIP_28,EASY,C#,False,,DIP,0.86,True
deepseek-r1-8b,DIP,DIP_29,MODERATE,JAVA,False,OCP,DIP,1.68,True
deepseek-r1-8b,DIP,DIP_30,MODERATE,PYTHON,False,SRP,DIP,1.52,True
deepseek-r1-8b,DIP,DIP_31,MODERATE,KOTLIN,False,OCP,DIP,1.66,True
deepseek-r1-8b,DIP,DIP_32,MODERATE,C#,False,OCP,DIP,2.11,True
deepseek-r1-8b,DIP,DIP_33,HARD,JAVA,False,ISP,DIP,1.95,True
deepseek-r1-8b,DIP,DIP_34,HARD,PYTHON,False,OCP,DIP,1.93,True
deepseek-r1-8b,DIP,DIP_35,HARD,KOTLIN,False,ISP,DIP,2.36,True
deepseek-r1-8b,DIP,DIP_36,HARD,C#,False,ISP,DIP,2.26,True
deepseek-r1-8b,DIP,DIP_37,EASY,JAVA,False,,DIP,0.86,True
deepseek-r1-8b,DIP,DIP_38,EASY,PYTHON,True,DIP,DIP,1.54,True
deepseek-r1-8b,DIP,DIP_39,EASY,KOTLIN,False,,DIP,0.86,True
deepseek-r1-8b,DIP,DIP_40,EASY,C#,False,,DIP,0.85,True
deepseek-r1-8b,DIP,DIP_41,MODERATE,JAVA,False,OCP,DIP,1.57,True
deepseek-r1-8b,DIP,DIP_42,MODERATE,PYTHON,True,DIP,DIP,1.51,True
deepseek-r1-8b,DIP,DIP_43,MODERATE,KOTLIN,False,,DIP,1.08,True
deepseek-r1-8b,DIP,DIP_44,MODERATE,C#,True,DIP,DIP,1.44,True
deepseek-r1-8b,DIP,DIP_45,HARD,JAVA,False,OCP,DIP,1.87,True
deepseek-r1-8b,DIP,DIP_46,HARD,PYTHON,False,ISP,DIP,1.85,True
deepseek-r1-8b,DIP,DIP_47,HARD,KOTLIN,False,OCP,DIP,1.74,True
deepseek-r1-8b,DIP,DIP_48,HARD,C#,False,ISP,DIP,1.87,True
gemma3-4b,LSP,LSP_1,EASY,JAVA,False,,LSP,3.85,True
gemma3-4b,LSP,LSP_2,EASY,PYTHON,False,SRP,LSP,1.13,True
gemma3-4b,LSP,LSP_3,EASY,KOTLIN,False,SRP,LSP,1.3,True
gemma3-4b,LSP,LSP_4,EASY,C#,False,,LSP,0.76,True
gemma3-4b,LSP,LSP_5,MODERATE,JAVA,False,,LSP,0.86,True
gemma3-4b,LSP,LSP_6,MODERATE,PYTHON,False,,LSP,0.9,True
gemma3-4b,LSP,LSP_7,MODERATE,KOTLIN,False,,LSP,0.86,True
gemma3-4b,LSP,LSP_8,MODERATE,C#,False,,LSP,0.94,True
gemma3-4b,LSP,LSP_9,HARD,JAVA,False,SRP,LSP,1.79,True
gemma3-4b,LSP,LSP_10,HARD,PYTHON,False,SRP,LSP,1.8,True
gemma3-4b,LSP,LSP_11,HARD,KOTLIN,False,SRP,LSP,1.55,True
gemma3-4b,LSP,LSP_12,HARD,C#,False,SRP,LSP,1.57,True
gemma3-4b,LSP,LSP_13,EASY,JAVA,False,SRP,LSP,1.23,True
gemma3-4b,LSP,LSP_14,EASY,PYTHON,False,SRP,LSP,1.15,True
gemma3-4b,LSP,LSP_15,EASY,KOTLIN,False,,LSP,0.74,True
gemma3-4b,LSP,LSP_16,EASY,C#,False,SRP,LSP,1.02,True
gemma3-4b,LSP,LSP_17,MODERATE,JAVA,False,SRP,LSP,1.64,True
gemma3-4b,LSP,LSP_18,MODERATE,PYTHON,False,,LSP,0.87,True
gemma3-4b,LSP,LSP_19,MODERATE,KOTLIN,False,,LSP,0.88,True
gemma3-4b,LSP,LSP_20,MODERATE,C#,False,SRP,LSP,1.61,True
gemma3-4b,LSP,LSP_21,HARD,JAVA,False,SRP,LSP,1.77,True
gemma3-4b,LSP,LSP_22,HARD,PYTHON,False,SRP,LSP,1.79,True
gemma3-4b,LSP,LSP_23,HARD,KOTLIN,False,SRP,LSP,1.6,True
gemma3-4b,LSP,LSP_24,HARD,C#,False,SRP,LSP,1.78,True
gemma3-4b,LSP,LSP_25,EASY,JAVA,False,SRP,LSP,1.35,True
gemma3-4b,LSP,LSP_26,EASY,PYTHON,False,SRP,LSP,1.21,True
gemma3-4b,LSP,LSP_27,EASY,KOTLIN,False,,LSP,0.82,True
gemma3-4b,LSP,LSP_28,EASY,C#,False,DIP,LSP,1.16,True
gemma3-4b,LSP,LSP_29,MODERATE,JAVA,False,SRP,LSP,1.47,True
gemma3-4b,LSP,LSP_30,MODERATE,PYTHON,False,DIP,LSP,1.49,True
gemma3-4b,LSP,LSP_31,MODERATE,KOTLIN,False,,LSP,0.94,True
gemma3-4b,LSP,LSP_32,MODERATE,C#,False,SRP,LSP,1.36,True
gemma3-4b,LSP,LSP_33,HARD,JAVA,False,SRP,LSP,1.76,True
gemma3-4b,LSP,LSP_34,HARD,PYTHON,False,Dependency Inversion,LSP,1.83,True
gemma3-4b,LSP,LSP_35,HARD,KOTLIN,False,SRP,LSP,1.85,True
gemma3-4b,LSP,LSP_36,HARD,C#,False,SRP,LSP,1.92,True
gemma3-4b,LSP,LSP_37,EASY,JAVA,False,,LSP,0.83,True
gemma3-4b,LSP,LSP_38,EASY,PYTHON,False,,LSP,0.76,True
gemma3-4b,LSP,LSP_39,EASY,KOTLIN,False,,LSP,0.76,True
gemma3-4b,LSP,LSP_40,EASY,C#,False,,LSP,0.78,True
gemma3-4b,LSP,LSP_41,MODERATE,JAVA,False,SRP,LSP,1.48,True
gemma3-4b,LSP,LSP_42,MODERATE,PYTHON,False,SRP,LSP,1.26,True
gemma3-4b,LSP,LSP_43,MODERATE,KOTLIN,False,SRP,LSP,1.19,True
gemma3-4b,LSP,LSP_44,MODERATE,C#,False,SRP,LSP,1.37,True
gemma3-4b,LSP,LSP_45,HARD,JAVA,False,SRP,LSP,1.74,True
gemma3-4b,LSP,LSP_46,HARD,PYTHON,False,SRP,LSP,1.78,True
gemma3-4b,LSP,LSP_47,HARD,KOTLIN,False,SRP,LSP,1.76,True
gemma3-4b,LSP,LSP_48,HARD,C#,False,SRP,LSP,1.87,True
gemma3-4b,SRP,SRP_1,EASY,JAVA,False,,SRP,0.78,True
gemma3-4b,SRP,SRP_2,EASY,JAVA,False,,SRP,0.75,True
gemma3-4b,SRP,SRP_3,EASY,JAVA,False,,SRP,0.79,True
gemma3-4b,SRP,SRP_4,EASY,JAVA,False,,SRP,0.81,True
gemma3-4b,SRP,SRP_5,MODERATE,JAVA,True,SRP,SRP,1.37,True
gemma3-4b,SRP,SRP_6,MODERATE,JAVA,True,SRP,SRP,1.67,True
gemma3-4b,SRP,SRP_7,MODERATE,JAVA,True,SRP,SRP,1.74,True
gemma3-4b,SRP,SRP_8,MODERATE,JAVA,False,,SRP,1.92,False
gemma3-4b,SRP,SRP_9,HARD,JAVA,True,SRP,SRP,2.04,True
gemma3-4b,SRP,SRP_10,HARD,JAVA,True,SRP,SRP,2.09,True
gemma3-4b,SRP,SRP_11,HARD,JAVA,True,SRP,SRP,2.18,True
gemma3-4b,SRP,SRP_12,HARD,JAVA,True,SRP,SRP,2.21,True
gemma3-4b,SRP,SRP_13,EASY,PYTHON,False,,SRP,0.78,True
gemma3-4b,SRP,SRP_14,EASY,PYTHON,False,,SRP,0.78,True
gemma3-4b,SRP,SRP_15,EASY,PYTHON,False,,SRP,0.79,True
gemma3-4b,SRP,SRP_16,EASY,PYTHON,False,,SRP,0.78,True
gemma3-4b,SRP,SRP_17,MODERATE,PYTHON,True,SRP,SRP,1.4,True
gemma3-4b,SRP,SRP_18,MODERATE,PYTHON,True,SRP,SRP,1.74,True
gemma3-4b,SRP,SRP_19,MODERATE,PYTHON,True,SRP,SRP,1.75,True
gemma3-4b,SRP,SRP_20,MODERATE,PYTHON,True,SRP,SRP,1.45,True
gemma3-4b,SRP,SRP_21,HARD,PYTHON,True,SRP,SRP,2.14,True
gemma3-4b,SRP,SRP_22,HARD,PYTHON,True,SRP,SRP,2.01,True
gemma3-4b,SRP,SRP_23,HARD,PYTHON,True,SRP,SRP,1.96,True
gemma3-4b,SRP,SRP_24,HARD,PYTHON,False,DIP,SRP,2.11,True
gemma3-4b,SRP,SRP_25,EASY,KOTLIN,True,SRP,SRP,1.1,True
gemma3-4b,SRP,SRP_26,EASY,KOTLIN,False,,SRP,0.77,True
gemma3-4b,SRP,SRP_27,EASY,KOTLIN,False,,SRP,0.76,True
gemma3-4b,SRP,SRP_28,EASY,KOTLIN,False,,SRP,0.78,True
gemma3-4b,SRP,SRP_29,MODERATE,KOTLIN,True,SRP,SRP,1.51,True
gemma3-4b,SRP,SRP_30,MODERATE,KOTLIN,True,SRP,SRP,1.54,True
gemma3-4b,SRP,SRP_31,MODERATE,KOTLIN,True,SRP,SRP,1.54,True
gemma3-4b,SRP,SRP_32,MODERATE,KOTLIN,True,SRP,SRP,1.51,True
gemma3-4b,SRP,SRP_33,HARD,KOTLIN,True,SRP,SRP,1.99,True
gemma3-4b,SRP,SRP_34,HARD,KOTLIN,True,SRP,SRP,1.81,True
gemma3-4b,SRP,SRP_35,HARD,KOTLIN,True,SRP,SRP,1.81,True
gemma3-4b,SRP,SRP_36,HARD,KOTLIN,True,SRP,SRP,2.13,True
gemma3-4b,SRP,SRP_37,EASY,CSHARP,False,,SRP,0.84,True
gemma3-4b,SRP,SRP_38,EASY,CSHARP,False,,SRP,0.75,True
gemma3-4b,SRP,SRP_39,EASY,CSHARP,False,,SRP,0.81,True
gemma3-4b,SRP,SRP_40,EASY,CSHARP,False,,SRP,0.79,True
gemma3-4b,SRP,SRP_41,MODERATE,CSHARP,True,SRP,SRP,1.52,True
gemma3-4b,SRP,SRP_42,MODERATE,CSHARP,False,DIP,SRP,1.91,True
gemma3-4b,SRP,SRP_43,MODERATE,CSHARP,True,SRP,SRP,1.82,True
gemma3-4b,SRP,SRP_44,MODERATE,CSHARP,True,SRP,SRP,1.51,True
gemma3-4b,SRP,SRP_45,HARD,CSHARP,True,SRP,SRP,2.05,True
gemma3-4b,SRP,SRP_46,HARD,CSHARP,True,SRP,SRP,2.09,True
gemma3-4b,SRP,SRP_47,HARD,CSHARP,True,SRP,SRP,1.97,True
gemma3-4b,SRP,SRP_48,HARD,CSHARP,True,SRP,SRP,2.32,True
gemma3-4b,OCP,OCP_1,EASY,CSHARP,False,DIP,OCP,1.2,True
gemma3-4b,OCP,OCP_2,EASY,CSHARP,False,,OCP,0.79,True
gemma3-4b,OCP,OCP_3,EASY,CSHARP,False,,OCP,0.78,True
gemma3-4b,OCP,OCP_4,EASY,CSHARP,False,SRP,OCP,1.59,True
gemma3-4b,OCP,OCP_5,HARD,CSHARP,False,SRP,OCP,2.07,True
gemma3-4b,OCP,OCP_6,HARD,CSHARP,False,DIP,OCP,1.93,True
gemma3-4b,OCP,OCP_7,HARD,CSHARP,False,DIP,OCP,2.21,True
gemma3-4b,OCP,OCP_8,HARD,CSHARP,False,DIP,OCP,2.16,True
gemma3-4b,OCP,OCP_9,MODERATE,CSHARP,False,DIP,OCP,1.5,True
gemma3-4b,OCP,OCP_10,MODERATE,CSHARP,False,DIP,OCP,1.4,True
gemma3-4b,OCP,OCP_11,MODERATE,CSHARP,False,SRP,OCP,1.82,True
gemma3-4b,OCP,OCP_12,MODERATE,CSHARP,False,SRP,OCP,1.93,True
gemma3-4b,OCP,OCP_13,EASY,JAVA,False,SRP,OCP,1.14,True
gemma3-4b,OCP,OCP_14,EASY,JAVA,False,,OCP,0.8,True
gemma3-4b,OCP,OCP_15,EASY,JAVA,False,,OCP,0.77,True
gemma3-4b,OCP,OCP_16,EASY,JAVA,False,,OCP,0.8,True
gemma3-4b,OCP,OCP_17,HARD,JAVA,False,SRP,OCP,2.21,True
gemma3-4b,OCP,OCP_18,HARD,JAVA,False,DIP,OCP,1.86,True
gemma3-4b,OCP,OCP_19,HARD,JAVA,False,DIP,OCP,2.04,True
gemma3-4b,OCP,OCP_20,HARD,JAVA,False,DIP,OCP,2.18,True
gemma3-4b,OCP,OCP_21,MODERATE,JAVA,False,DIP,OCP,1.78,True
gemma3-4b,OCP,OCP_22,MODERATE,JAVA,False,DIP,OCP,1.51,True
gemma3-4b,OCP,OCP_23,MODERATE,JAVA,False,SRP,OCP,1.72,True
gemma3-4b,OCP,OCP_24,MODERATE,JAVA,False,SRP,OCP,2.14,True
gemma3-4b,OCP,OCP_25,EASY,KOTLIN,False,,OCP,0.79,True
gemma3-4b,OCP,OCP_26,EASY,KOTLIN,False,,OCP,0.76,True
gemma3-4b,OCP,OCP_27,EASY,KOTLIN,False,,OCP,0.76,True
gemma3-4b,OCP,OCP_28,EASY,KOTLIN,False,,OCP,0.77,True
gemma3-4b,OCP,OCP_29,HARD,KOTLIN,False,SRP,OCP,2.04,True
gemma3-4b,OCP,OCP_30,HARD,KOTLIN,False,SRP,OCP,1.79,True
gemma3-4b,OCP,OCP_31,HARD,KOTLIN,False,SRP,OCP,3.43,True
gemma3-4b,OCP,OCP_32,HARD,KOTLIN,False,SRP,OCP,2.19,True
gemma3-4b,OCP,OCP_33,MODERATE,KOTLIN,False,DIP,OCP,2.0,True
gemma3-4b,OCP,OCP_34,MODERATE,KOTLIN,False,SRP,OCP,1.36,True
gemma3-4b,OCP,OCP_35,MODERATE,KOTLIN,False,SRP,OCP,2.1,True
gemma3-4b,OCP,OCP_36,MODERATE,KOTLIN,False,SRP,OCP,1.87,True
gemma3-4b,OCP,OCP_37,EASY,PYTHON,False,SRP,OCP,1.27,True
gemma3-4b,OCP,OCP_38,EASY,PYTHON,False,,OCP,0.79,True
gemma3-4b,OCP,OCP_39,EASY,PYTHON,False,,OCP,0.77,True
gemma3-4b,OCP,OCP_40,EASY,PYTHON,False,SRP,OCP,1.39,True
gemma3-4b,OCP,OCP_41,HARD,PYTHON,False,SRP,OCP,2.02,True
gemma3-4b,OCP,OCP_42,HARD,PYTHON,False,DIP,OCP,1.88,True
gemma3-4b,OCP,OCP_43,HARD,PYTHON,False,DIP,OCP,2.11,True
gemma3-4b,OCP,OCP_44,HARD,PYTHON,False,SRP,OCP,2.15,True
gemma3-4b,OCP,OCP_45,MODERATE,PYTHON,False,SRP,OCP,1.44,True
gemma3-4b,OCP,OCP_46,MODERATE,PYTHON,False,DIP,OCP,1.51,True
gemma3-4b,OCP,OCP_47,MODERATE,PYTHON,False,SRP,OCP,1.81,True
gemma3-4b,OCP,OCP_48,MODERATE,PYTHON,False,SRP,OCP,1.71,True
gemma3-4b,ISP,ISP_1,EASY,CSHARP,False,DIP,ISP,1.18,True
gemma3-4b,ISP,ISP_2,EASY,CSHARP,False,SRP,ISP,1.33,True
gemma3-4b,ISP,ISP_3,EASY,CSHARP,False,SRP,ISP,1.27,True
gemma3-4b,ISP,ISP_4,EASY,CSHARP,False,,ISP,0.76,True
gemma3-4b,ISP,ISP_5,HARD,CSHARP,False,SRP,ISP,1.97,True
gemma3-4b,ISP,ISP_6,HARD,CSHARP,False,SRP,ISP,1.87,True
gemma3-4b,ISP,ISP_7,HARD,CSHARP,False,SRP,ISP,2.09,True
gemma3-4b,ISP,ISP_8,HARD,CSHARP,False,SRP,ISP,1.75,True
gemma3-4b,ISP,ISP_9,MODERATE,CSHARP,False,SRP,ISP,1.73,True
gemma3-4b,ISP,ISP_10,MODERATE,CSHARP,False,SRP,ISP,1.67,True
gemma3-4b,ISP,ISP_11,MODERATE,CSHARP,False,SRP,ISP,1.36,True
gemma3-4b,ISP,ISP_12,MODERATE,CSHARP,False,SRP,ISP,1.67,True
gemma3-4b,ISP,ISP_13,EASY,JAVA,False,DIP,ISP,1.29,True
gemma3-4b,ISP,ISP_14,EASY,JAVA,False,SRP,ISP,1.42,True
gemma3-4b,ISP,ISP_15,EASY,JAVA,False,SRP,ISP,1.22,True
gemma3-4b,ISP,ISP_16,EASY,JAVA,False,,ISP,0.83,True
gemma3-4b,ISP,ISP_17,HARD,JAVA,False,SRP,ISP,1.92,True
gemma3-4b,ISP,ISP_18,HARD,JAVA,False,SRP,ISP,2.15,True
gemma3-4b,ISP,ISP_19,HARD,JAVA,False,SRP,ISP,2.16,True
gemma3-4b,ISP,ISP_20,HARD,JAVA,False,SRP,ISP,1.7,True
gemma3-4b,ISP,ISP_21,MODERATE,JAVA,False,SRP,ISP,1.49,True
gemma3-4b,ISP,ISP_22,MODERATE,JAVA,False,SRP,ISP,1.81,True
gemma3-4b,ISP,ISP_23,MODERATE,JAVA,False,SRP,ISP,1.42,True
gemma3-4b,ISP,ISP_24,MODERATE,JAVA,False,SRP,ISP,1.5,True
gemma3-4b,ISP,ISP_25,EASY,KOTLIN,False,SRP,ISP,1.26,True
gemma3-4b,ISP,ISP_26,EASY,KOTLIN,False,SRP,ISP,1.46,True
gemma3-4b,ISP,ISP_27,EASY,KOTLIN,False,SRP,ISP,1.21,True
gemma3-4b,ISP,ISP_28,EASY,KOTLIN,False,,ISP,0.81,True
gemma3-4b,ISP,ISP_29,HARD,KOTLIN,False,SRP,ISP,1.78,True
gemma3-4b,ISP,ISP_30,HARD,KOTLIN,False,SRP,ISP,1.96,True
gemma3-4b,ISP,ISP_31,HARD,KOTLIN,False,SRP,ISP,1.92,True
gemma3-4b,ISP,ISP_32,HARD,KOTLIN,False,SRP,ISP,1.7,True
gemma3-4b,ISP,ISP_33,MODERATE,KOTLIN,False,SRP,ISP,1.57,True
gemma3-4b,ISP,ISP_34,MODERATE,KOTLIN,False,SRP,ISP,1.59,True
gemma3-4b,ISP,ISP_35,MODERATE,KOTLIN,False,SRP,ISP,1.33,True
gemma3-4b,ISP,ISP_36,MODERATE,KOTLIN,False,SRP,ISP,1.27,True
gemma3-4b,ISP,ISP_37,EASY,PYTHON,False,DIP,ISP,1.17,True
gemma3-4b,ISP,ISP_38,EASY,PYTHON,False,SRP,ISP,1.32,True
gemma3-4b,ISP,ISP_39,EASY,PYTHON,False,SRP,ISP,1.08,True
gemma3-4b,ISP,ISP_40,EASY,PYTHON,False,,ISP,0.8,True
gemma3-4b,ISP,ISP_41,HARD,PYTHON,False,SRP,ISP,1.94,True
gemma3-4b,ISP,ISP_42,HARD,PYTHON,True,ISP,ISP,1.89,True
gemma3-4b,ISP,ISP_43,HARD,PYTHON,False,SRP,ISP,2.4,True
gemma3-4b,ISP,ISP_44,HARD,PYTHON,False,SRP,ISP,1.67,True
gemma3-4b,ISP,ISP_45,MODERATE,PYTHON,False,SRP,ISP,1.4,True
gemma3-4b,ISP,ISP_46,MODERATE,PYTHON,False,SRP,ISP,1.81,True
gemma3-4b,ISP,ISP_47,MODERATE,PYTHON,False,SRP,ISP,1.28,True
gemma3-4b,ISP,ISP_48,MODERATE,PYTHON,False,SRP,ISP,1.41,True
gemma3-4b,DIP,DIP_1,EASY,JAVA,False,SRP,DIP,1.15,True
gemma3-4b,DIP,DIP_2,EASY,PYTHON,False,SRP,DIP,1.13,True
gemma3-4b,DIP,DIP_3,EASY,KOTLIN,False,SRP,DIP,1.17,True
gemma3-4b,DIP,DIP_4,EASY,C#,False,SRP,DIP,1.18,True
gemma3-4b,DIP,DIP_5,MODERATE,JAVA,False,SRP,DIP,1.46,True
gemma3-4b,DIP,DIP_6,MODERATE,PYTHON,False,SRP,DIP,1.31,True
gemma3-4b,DIP,DIP_7,MODERATE,KOTLIN,True,DIP,DIP,1.1,True
gemma3-4b,DIP,DIP_8,MODERATE,C#,True,DIP,DIP,1.12,True
gemma3-4b,DIP,DIP_9,HARD,JAVA,False,SRP,DIP,1.78,True
gemma3-4b,DIP,DIP_10,HARD,PYTHON,False,Single Responsibility Principle,DIP,1.72,True
gemma3-4b,DIP,DIP_11,HARD,KOTLIN,False,SRP,DIP,1.77,True
gemma3-4b,DIP,DIP_12,HARD,C#,False,SRP,DIP,1.83,True
gemma3-4b,DIP,DIP_13,EASY,JAVA,False,SRP,DIP,1.48,True
gemma3-4b,DIP,DIP_14,EASY,PYTHON,False,SRP,DIP,1.27,True
gemma3-4b,DIP,DIP_15,EASY,KOTLIN,False,SRP,DIP,1.5,True
gemma3-4b,DIP,DIP_16,EASY,C#,False,SRP,DIP,1.43,True
gemma3-4b,DIP,DIP_17,MODERATE,JAVA,False,SRP,DIP,1.31,True
gemma3-4b,DIP,DIP_18,MODERATE,PYTHON,False,SRP,DIP,1.34,True
gemma3-4b,DIP,DIP_19,MODERATE,KOTLIN,False,SRP,DIP,1.39,True
gemma3-4b,DIP,DIP_20,MODERATE,C#,False,SRP,DIP,1.44,True
gemma3-4b,DIP,DIP_21,HARD,JAVA,False,SRP,DIP,1.84,True
gemma3-4b,DIP,DIP_22,HARD,PYTHON,False,SRP,DIP,1.78,True
gemma3-4b,DIP,DIP_23,HARD,KOTLIN,False,SRP,DIP,1.72,True
gemma3-4b,DIP,DIP_24,HARD,C#,False,SRP,DIP,1.91,True
gemma3-4b,DIP,DIP_25,EASY,JAVA,False,SRP,DIP,1.08,True
gemma3-4b,DIP,DIP_26,EASY,PYTHON,False,SRP,DIP,0.99,True
gemma3-4b,DIP,DIP_27,EASY,KOTLIN,False,SRP,DIP,1.02,True
gemma3-4b,DIP,DIP_28,EASY,C#,False,,DIP,0.87,True
gemma3-4b,DIP,DIP_29,MODERATE,JAVA,False,SRP,DIP,1.46,True
gemma3-4b,DIP,DIP_30,MODERATE,PYTHON,False,SRP,DIP,1.49,True
gemma3-4b,DIP,DIP_31,MODERATE,KOTLIN,False,SRP,DIP,1.37,True
gemma3-4b,DIP,DIP_32,MODERATE,C#,False,SRP,DIP,1.24,True
gemma3-4b,DIP,DIP_33,HARD,JAVA,False,SRP,DIP,1.72,True
gemma3-4b,DIP,DIP_34,HARD,PYTHON,False,Single Responsibility Principle (SRP),DIP,1.97,True
gemma3-4b,DIP,DIP_35,HARD,KOTLIN,False,SRP,DIP,1.9,True
gemma3-4b,DIP,DIP_36,HARD,C#,False,SRP,DIP,2.08,True
gemma3-4b,DIP,DIP_37,EASY,JAVA,False,SRP,DIP,1.55,True
gemma3-4b,DIP,DIP_38,EASY,PYTHON,False,SRP,DIP,1.15,True
gemma3-4b,DIP,DIP_39,EASY,KOTLIN,False,,DIP,0.85,True
gemma3-4b,DIP,DIP_40,EASY,C#,False,SRP,DIP,1.71,True
gemma3-4b,DIP,DIP_41,MODERATE,JAVA,False,SRP,DIP,1.3,True
gemma3-4b,DIP,DIP_42,MODERATE,PYTHON,False,SRP,DIP,1.37,True
gemma3-4b,DIP,DIP_43,MODERATE,KOTLIN,False,SRP,DIP,1.35,True
gemma3-4b,DIP,DIP_44,MODERATE,C#,False,SRP,DIP,1.62,True
gemma3-4b,DIP,DIP_45,HARD,JAVA,False,SRP,DIP,1.67,True
gemma3-4b,DIP,DIP_46,HARD,PYTHON,False,SRP,DIP,1.54,True
gemma3-4b,DIP,DIP_47,HARD,KOTLIN,False,SRP,DIP,1.65,True
gemma3-4b,DIP,DIP_48,HARD,C#,False,SRP,DIP,1.72,True
llama3-1-8b,LSP,LSP_1,EASY,JAVA,True,LSP,LSP,6.5,True
llama3-1-8b,LSP,LSP_2,EASY,PYTHON,True,LSP,LSP,1.44,True
llama3-1-8b,LSP,LSP_3,EASY,KOTLIN,True,LSP,LSP,1.5,True
llama3-1-8b,LSP,LSP_4,EASY,C#,True,LSP,LSP,1.44,True
llama3-1-8b,LSP,LSP_5,MODERATE,JAVA,False,SRP,LSP,1.45,True
llama3-1-8b,LSP,LSP_6,MODERATE,PYTHON,False,SRP,LSP,1.51,True
llama3-1-8b,LSP,LSP_7,MODERATE,KOTLIN,True,LSP,LSP,1.67,True
llama3-1-8b,LSP,LSP_8,MODERATE,C#,False,SRP,LSP,1.36,True
llama3-1-8b,LSP,LSP_9,HARD,JAVA,False,SRP,LSP,2.27,True
llama3-1-8b,LSP,LSP_10,HARD,PYTHON,False,SRP,LSP,2.26,True
llama3-1-8b,LSP,LSP_11,HARD,KOTLIN,False,SRP,LSP,2.0,True
llama3-1-8b,LSP,LSP_12,HARD,C#,False,SRP,LSP,2.13,True
llama3-1-8b,LSP,LSP_13,EASY,JAVA,True,LSP,LSP,1.67,True
llama3-1-8b,LSP,LSP_14,EASY,PYTHON,True,LSP,LSP,1.38,True
llama3-1-8b,LSP,LSP_15,EASY,KOTLIN,False,OCP,LSP,1.25,True
llama3-1-8b,LSP,LSP_16,EASY,C#,True,LSP,LSP,1.54,True
llama3-1-8b,LSP,LSP_17,MODERATE,JAVA,False,SRP,LSP,1.74,True
llama3-1-8b,LSP,LSP_18,MODERATE,PYTHON,False,SRP,LSP,1.71,True
llama3-1-8b,LSP,LSP_19,MODERATE,KOTLIN,False,SRP,LSP,1.67,True
llama3-1-8b,LSP,LSP_20,MODERATE,C#,False,SRP,LSP,1.55,True
llama3-1-8b,LSP,LSP_21,HARD,JAVA,False,SRP,LSP,2.2,True
llama3-1-8b,LSP,LSP_22,HARD,PYTHON,False,SRP,LSP,1.89,True
llama3-1-8b,LSP,LSP_23,HARD,KOTLIN,False,SRP,LSP,1.96,True
llama3-1-8b,LSP,LSP_24,HARD,C#,False,SRP,LSP,2.16,True
llama3-1-8b,LSP,LSP_25,EASY,JAVA,False,ISP,LSP,1.52,True
llama3-1-8b,LSP,LSP_26,EASY,PYTHON,False,SRP,LSP,1.11,True
llama3-1-8b,LSP,LSP_27,EASY,KOTLIN,False,ISP,LSP,1.3,True
llama3-1-8b,LSP,LSP_28,EASY,C#,False,ISP,LSP,1.32,True
llama3-1-8b,LSP,LSP_29,MODERATE,JAVA,False,ISP,LSP,1.46,True
llama3-1-8b,LSP,LSP_30,MODERATE,PYTHON,False,SRP,LSP,1.62,True
llama3-1-8b,LSP,LSP_31,MODERATE,KOTLIN,False,SRP,LSP,1.53,True
llama3-1-8b,LSP,LSP_32,MODERATE,C#,False,SRP,LSP,1.77,True
llama3-1-8b,LSP,LSP_33,HARD,JAVA,False,SRP,LSP,2.37,True
llama3-1-8b,LSP,LSP_34,HARD,PYTHON,False,SRP,LSP,2.56,True
llama3-1-8b,LSP,LSP_35,HARD,KOTLIN,False,SRP,LSP,2.48,True
llama3-1-8b,LSP,LSP_36,HARD,C#,False,SRP,LSP,2.66,True
llama3-1-8b,LSP,LSP_37,EASY,JAVA,True,LSP,LSP,1.31,True
llama3-1-8b,LSP,LSP_38,EASY,PYTHON,True,LSP,LSP,1.14,True
llama3-1-8b,LSP,LSP_39,EASY,KOTLIN,True,LSP,LSP,1.19,True
llama3-1-8b,LSP,LSP_40,EASY,C#,True,LSP,LSP,1.22,True
llama3-1-8b,LSP,LSP_41,MODERATE,JAVA,False,SRP,LSP,1.28,True
llama3-1-8b,LSP,LSP_42,MODERATE,PYTHON,False,SRP,LSP,1.25,True
llama3-1-8b,LSP,LSP_43,MODERATE,KOTLIN,False,SRP,LSP,1.22,True
llama3-1-8b,LSP,LSP_44,MODERATE,C#,False,SRP,LSP,1.29,True
llama3-1-8b,LSP,LSP_45,HARD,JAVA,False,SRP,LSP,2.33,True
llama3-1-8b,LSP,LSP_46,HARD,PYTHON,False,SRP,LSP,1.87,True
llama3-1-8b,LSP,LSP_47,HARD,KOTLIN,False,SRP,LSP,2.1,True
llama3-1-8b,LSP,LSP_48,HARD,C#,False,SRP,LSP,2.62,True
llama3-1-8b,SRP,SRP_1,EASY,JAVA,True,SRP,SRP,1.08,True
llama3-1-8b,SRP,SRP_2,EASY,JAVA,True,SRP,SRP,1.17,True
llama3-1-8b,SRP,SRP_3,EASY,JAVA,True,SRP,SRP,1.16,True
llama3-1-8b,SRP,SRP_4,EASY,JAVA,True,SRP,SRP,1.14,True
llama3-1-8b,SRP,SRP_5,MODERATE,JAVA,True,SRP,SRP,1.84,True
llama3-1-8b,SRP,SRP_6,MODERATE,JAVA,True,SRP,SRP,2.45,True
llama3-1-8b,SRP,SRP_7,MODERATE,JAVA,True,SRP,SRP,2.08,True
llama3-1-8b,SRP,SRP_8,MODERATE,JAVA,True,SRP,SRP,1.73,True
llama3-1-8b,SRP,SRP_9,HARD,JAVA,True,SRP,SRP,2.97,True
llama3-1-8b,SRP,SRP_10,HARD,JAVA,True,SRP,SRP,2.97,True
llama3-1-8b,SRP,SRP_11,HARD,JAVA,True,SRP,SRP,3.01,True
llama3-1-8b,SRP,SRP_12,HARD,JAVA,True,SRP,SRP,4.07,True
llama3-1-8b,SRP,SRP_13,EASY,PYTHON,True,SRP,SRP,1.08,True
llama3-1-8b,SRP,SRP_14,EASY,PYTHON,True,SRP,SRP,1.06,True
llama3-1-8b,SRP,SRP_15,EASY,PYTHON,True,SRP,SRP,1.21,True
llama3-1-8b,SRP,SRP_16,EASY,PYTHON,True,SRP,SRP,1.16,True
llama3-1-8b,SRP,SRP_17,MODERATE,PYTHON,True,SRP,SRP,1.73,True
llama3-1-8b,SRP,SRP_18,MODERATE,PYTHON,True,SRP,SRP,2.16,True
llama3-1-8b,SRP,SRP_19,MODERATE,PYTHON,True,SRP,SRP,2.08,True
llama3-1-8b,SRP,SRP_20,MODERATE,PYTHON,True,SRP,SRP,1.82,True
llama3-1-8b,SRP,SRP_21,HARD,PYTHON,True,SRP,SRP,2.98,True
llama3-1-8b,SRP,SRP_22,HARD,PYTHON,True,SRP,SRP,2.92,True
llama3-1-8b,SRP,SRP_23,HARD,PYTHON,True,SRP,SRP,2.85,True
llama3-1-8b,SRP,SRP_24,HARD,PYTHON,True,SRP,SRP,3.16,True
llama3-1-8b,SRP,SRP_25,EASY,KOTLIN,True,SRP,SRP,1.08,True
llama3-1-8b,SRP,SRP_26,EASY,KOTLIN,True,SRP,SRP,1.04,True
llama3-1-8b,SRP,SRP_27,EASY,KOTLIN,True,SRP,SRP,1.11,True
llama3-1-8b,SRP,SRP_28,EASY,KOTLIN,True,SRP,SRP,1.15,True
llama3-1-8b,SRP,SRP_29,MODERATE,KOTLIN,True,SRP,SRP,2.54,True
llama3-1-8b,SRP,SRP_30,MODERATE,KOTLIN,True,SRP,SRP,1.99,True
llama3-1-8b,SRP,SRP_31,MODERATE,KOTLIN,True,SRP,SRP,2.01,True
llama3-1-8b,SRP,SRP_32,MODERATE,KOTLIN,True,SRP,SRP,1.67,True
llama3-1-8b,SRP,SRP_33,HARD,KOTLIN,True,SRP,SRP,2.97,True
llama3-1-8b,SRP,SRP_34,HARD,KOTLIN,True,SRP,SRP,2.6,True
llama3-1-8b,SRP,SRP_35,HARD,KOTLIN,True,SRP,SRP,2.7,True
llama3-1-8b,SRP,SRP_36,HARD,KOTLIN,True,SRP,SRP,3.17,True
llama3-1-8b,SRP,SRP_37,EASY,CSHARP,True,SRP,SRP,1.08,True
llama3-1-8b,SRP,SRP_38,EASY,CSHARP,True,SRP,SRP,1.18,True
llama3-1-8b,SRP,SRP_39,EASY,CSHARP,True,SRP,SRP,1.19,True
llama3-1-8b,SRP,SRP_40,EASY,CSHARP,True,SRP,SRP,1.21,True
llama3-1-8b,SRP,SRP_41,MODERATE,CSHARP,True,SRP,SRP,1.76,True
llama3-1-8b,SRP,SRP_42,MODERATE,CSHARP,True,SRP,SRP,2.17,True
llama3-1-8b,SRP,SRP_43,MODERATE,CSHARP,True,SRP,SRP,2.12,True
llama3-1-8b,SRP,SRP_44,MODERATE,CSHARP,True,SRP,SRP,1.72,True
llama3-1-8b,SRP,SRP_45,HARD,CSHARP,True,SRP,SRP,2.87,True
llama3-1-8b,SRP,SRP_46,HARD,CSHARP,True,SRP,SRP,2.86,True
llama3-1-8b,SRP,SRP_47,HARD,CSHARP,True,SRP,SRP,2.94,True
llama3-1-8b,SRP,SRP_48,HARD,CSHARP,True,SRP,SRP,3.87,True
llama3-1-8b,OCP,OCP_1,EASY,CSHARP,False,LSP,OCP,1.55,True
llama3-1-8b,OCP,OCP_2,EASY,CSHARP,True,OCP,OCP,1.5,True
llama3-1-8b,OCP,OCP_3,EASY,CSHARP,True,OCP,OCP,1.4,True
llama3-1-8b,OCP,OCP_4,EASY,CSHARP,True,OCP,OCP,1.52,True
llama3-1-8b,OCP,OCP_5,HARD,CSHARP,True,OCP,OCP,4.06,True
llama3-1-8b,OCP,OCP_6,HARD,CSHARP,False,SRP,OCP,2.43,True
llama3-1-8b,OCP,OCP_7,HARD,CSHARP,False,SRP,OCP,3.54,True
llama3-1-8b,OCP,OCP_8,HARD,CSHARP,False,SRP,OCP,3.45,True
llama3-1-8b,OCP,OCP_9,MODERATE,CSHARP,False,SRP,OCP,1.66,True
llama3-1-8b,OCP,OCP_10,MODERATE,CSHARP,False,SRP,OCP,1.34,True
llama3-1-8b,OCP,OCP_11,MODERATE,CSHARP,False,SRP,OCP,2.35,True
llama3-1-8b,OCP,OCP_12,MODERATE,CSHARP,False,SRP,OCP,2.46,True
llama3-1-8b,OCP,OCP_13,EASY,JAVA,False,LSP,OCP,1.67,True
llama3-1-8b,OCP,OCP_14,EASY,JAVA,True,OCP,OCP,1.48,True
llama3-1-8b,OCP,OCP_15,EASY,JAVA,False,SRP,OCP,1.33,True
llama3-1-8b,OCP,OCP_16,EASY,JAVA,True,OCP,OCP,1.47,True
llama3-1-8b,OCP,OCP_17,HARD,JAVA,True,OCP,OCP,3.39,True
llama3-1-8b,OCP,OCP_18,HARD,JAVA,False,SRP,OCP,2.19,True
llama3-1-8b,OCP,OCP_19,HARD,JAVA,False,SRP,OCP,3.33,True
llama3-1-8b,OCP,OCP_20,HARD,JAVA,False,SRP,OCP,3.34,True
llama3-1-8b,OCP,OCP_21,MODERATE,JAVA,False,SRP,OCP,1.5,True
llama3-1-8b,OCP,OCP_22,MODERATE,JAVA,False,SRP,OCP,1.39,True
llama3-1-8b,OCP,OCP_23,MODERATE,JAVA,False,SRP,OCP,2.38,True
llama3-1-8b,OCP,OCP_24,MODERATE,JAVA,False,SRP,OCP,2.28,True
llama3-1-8b,OCP,OCP_25,EASY,KOTLIN,True,OCP,OCP,1.3,True
llama3-1-8b,OCP,OCP_26,EASY,KOTLIN,False,SRP,OCP,1.1,True
llama3-1-8b,OCP,OCP_27,EASY,KOTLIN,False,SRP,OCP,1.29,True
llama3-1-8b,OCP,OCP_28,EASY,KOTLIN,True,OCP,OCP,1.28,True
llama3-1-8b,OCP,OCP_29,HARD,KOTLIN,True,OCP,OCP,3.28,True
llama3-1-8b,OCP,OCP_30,HARD,KOTLIN,False,ISP,OCP,3.02,True
llama3-1-8b,OCP,OCP_31,HARD,KOTLIN,False,SRP,OCP,4.61,True
llama3-1-8b,OCP,OCP_32,HARD,KOTLIN,False,SRP,OCP,2.88,True
llama3-1-8b,OCP,OCP_33,MODERATE,KOTLIN,True,OCP,OCP,1.74,True
llama3-1-8b,OCP,OCP_34,MODERATE,KOTLIN,False,SRP,OCP,1.33,True
llama3-1-8b,OCP,OCP_35,MODERATE,KOTLIN,False,SRP,OCP,2.59,True
llama3-1-8b,OCP,OCP_36,MODERATE,KOTLIN,False,SRP,OCP,2.08,True
llama3-1-8b,OCP,OCP_37,EASY,PYTHON,False,SRP,OCP,1.64,True
llama3-1-8b,OCP,OCP_38,EASY,PYTHON,False,SRP,OCP,1.21,True
llama3-1-8b,OCP,OCP_39,EASY,PYTHON,False,SRP,OCP,1.36,True
llama3-1-8b,OCP,OCP_40,EASY,PYTHON,True,OCP,OCP,1.61,True
llama3-1-8b,OCP,OCP_41,HARD,PYTHON,True,OCP,OCP,3.53,True
llama3-1-8b,OCP,OCP_42,HARD,PYTHON,False,SRP,OCP,2.59,True
llama3-1-8b,OCP,OCP_43,HARD,PYTHON,False,SRP,OCP,4.57,True
llama3-1-8b,OCP,OCP_44,HARD,PYTHON,False,SRP,OCP,2.9,True
llama3-1-8b,OCP,OCP_45,MODERATE,PYTHON,False,SRP,OCP,1.61,True
llama3-1-8b,OCP,OCP_46,MODERATE,PYTHON,False,SRP,OCP,1.41,True
llama3-1-8b,OCP,OCP_47,MODERATE,PYTHON,False,SRP,OCP,2.31,True
llama3-1-8b,OCP,OCP_48,MODERATE,PYTHON,False,SRP,OCP,2.19,True
llama3-1-8b,ISP,ISP_1,EASY,CSHARP,True,ISP,ISP,1.52,True
llama3-1-8b,ISP,ISP_2,EASY,CSHARP,True,ISP,ISP,1.54,True
llama3-1-8b,ISP,ISP_3,EASY,CSHARP,True,ISP,ISP,1.34,True
llama3-1-8b,ISP,ISP_4,EASY,CSHARP,True,ISP,ISP,1.14,True
llama3-1-8b,ISP,ISP_5,HARD,CSHARP,False,SRP,ISP,2.78,True
llama3-1-8b,ISP,ISP_6,HARD,CSHARP,True,ISP,ISP,2.51,True
llama3-1-8b,ISP,ISP_7,HARD,CSHARP,False,SRP,ISP,3.2,True
llama3-1-8b,ISP,ISP_8,HARD,CSHARP,False,SRP,ISP,2.32,True
llama3-1-8b,ISP,ISP_9,MODERATE,CSHARP,True,ISP,ISP,2.04,True
llama3-1-8b,ISP,ISP_10,MODERATE,CSHARP,True,ISP,ISP,1.84,True
llama3-1-8b,ISP,ISP_11,MODERATE,CSHARP,True,ISP,ISP,1.64,True
llama3-1-8b,ISP,ISP_12,MODERATE,CSHARP,True,ISP,ISP,2.07,True
llama3-1-8b,ISP,ISP_13,EASY,JAVA,True,ISP,ISP,1.49,True
llama3-1-8b,ISP,ISP_14,EASY,JAVA,True,ISP,ISP,1.78,True
llama3-1-8b,ISP,ISP_15,EASY,JAVA,True,ISP,ISP,1.32,True
llama3-1-8b,ISP,ISP_16,EASY,JAVA,True,ISP,ISP,1.59,True
llama3-1-8b,ISP,ISP_17,HARD,JAVA,True,ISP,ISP,2.98,True
llama3-1-8b,ISP,ISP_18,HARD,JAVA,True,ISP,ISP,2.56,True
llama3-1-8b,ISP,ISP_19,HARD,JAVA,False,SRP,ISP,2.97,True
llama3-1-8b,ISP,ISP_20,HARD,JAVA,True,ISP,ISP,2.41,True
llama3-1-8b,ISP,ISP_21,MODERATE,JAVA,True,ISP,ISP,1.97,True
llama3-1-8b,ISP,ISP_22,MODERATE,JAVA,True,ISP,ISP,2.25,True
llama3-1-8b,ISP,ISP_23,MODERATE,JAVA,True,ISP,ISP,1.42,True
llama3-1-8b,ISP,ISP_24,MODERATE,JAVA,True,ISP,ISP,1.72,True
llama3-1-8b,ISP,ISP_25,EASY,KOTLIN,True,ISP,ISP,1.43,True
llama3-1-8b,ISP,ISP_26,EASY,KOTLIN,True,ISP,ISP,1.65,True
llama3-1-8b,ISP,ISP_27,EASY,KOTLIN,True,ISP,ISP,1.36,True
llama3-1-8b,ISP,ISP_28,EASY,KOTLIN,True,ISP,ISP,1.05,True
llama3-1-8b,ISP,ISP_29,HARD,KOTLIN,True,ISP,ISP,2.67,True
llama3-1-8b,ISP,ISP_30,HARD,KOTLIN,True,ISP,ISP,2.33,True
llama3-1-8b,ISP,ISP_31,HARD,KOTLIN,False,SRP,ISP,3.02,True
llama3-1-8b,ISP,ISP_32,HARD,KOTLIN,True,ISP,ISP,2.13,True
llama3-1-8b,ISP,ISP_33,MODERATE,KOTLIN,True,ISP,ISP,1.93,True
llama3-1-8b,ISP,ISP_34,MODERATE,KOTLIN,True,ISP,ISP,2.52,True
llama3-1-8b,ISP,ISP_35,MODERATE,KOTLIN,True,ISP,ISP,1.32,True
llama3-1-8b,ISP,ISP_36,MODERATE,KOTLIN,True,ISP,ISP,1.44,True
llama3-1-8b,ISP,ISP_37,EASY,PYTHON,True,ISP,ISP,1.45,True
llama3-1-8b,ISP,ISP_38,EASY,PYTHON,True,ISP,ISP,1.45,True
llama3-1-8b,ISP,ISP_39,EASY,PYTHON,False,LSP,ISP,1.66,True
llama3-1-8b,ISP,ISP_40,EASY,PYTHON,False,LSP,ISP,1.51,True
llama3-1-8b,ISP,ISP_41,HARD,PYTHON,False,SRP,ISP,2.33,True
llama3-1-8b,ISP,ISP_42,HARD,PYTHON,True,ISP,ISP,2.3,True
llama3-1-8b,ISP,ISP_43,HARD,PYTHON,False,SRP,ISP,2.89,True
llama3-1-8b,ISP,ISP_44,HARD,PYTHON,False,SRP,ISP,2.01,True
llama3-1-8b,ISP,ISP_45,MODERATE,PYTHON,False,SRP,ISP,1.7,True
llama3-1-8b,ISP,ISP_46,MODERATE,PYTHON,True,ISP,ISP,1.8,True
llama3-1-8b,ISP,ISP_47,MODERATE,PYTHON,False,SRP,ISP,1.35,True
llama3-1-8b,ISP,ISP_48,MODERATE,PYTHON,False,SRP,ISP,2.03,True
llama3-1-8b,DIP,DIP_1,EASY,JAVA,False,SRP,DIP,1.03,True
llama3-1-8b,DIP,DIP_2,EASY,PYTHON,False,SRP,DIP,1.01,True
llama3-1-8b,DIP,DIP_3,EASY,KOTLIN,False,SRP,DIP,1.13,True
llama3-1-8b,DIP,DIP_4,EASY,C#,True,DIP,DIP,1.13,True
llama3-1-8b,DIP,DIP_5,MODERATE,JAVA,False,SRP,DIP,1.29,True
llama3-1-8b,DIP,DIP_6,MODERATE,PYTHON,False,SRP,DIP,1.39,True
llama3-1-8b,DIP,DIP_7,MODERATE,KOTLIN,False,SRP,DIP,1.4,True
llama3-1-8b,DIP,DIP_8,MODERATE,C#,False,SRP,DIP,1.37,True
llama3-1-8b,DIP,DIP_9,HARD,JAVA,False,SRP,DIP,1.95,True
llama3-1-8b,DIP,DIP_10,HARD,PYTHON,False,SRP,DIP,1.9,True
llama3-1-8b,DIP,DIP_11,HARD,KOTLIN,False,SRP,DIP,2.04,True
llama3-1-8b,DIP,DIP_12,HARD,C#,False,SRP,DIP,1.94,True
llama3-1-8b,DIP,DIP_13,EASY,JAVA,False,SRP,DIP,1.27,True
llama3-1-8b,DIP,DIP_14,EASY,PYTHON,False,SRP,DIP,1.07,True
llama3-1-8b,DIP,DIP_15,EASY,KOTLIN,False,SRP,DIP,1.23,True
llama3-1-8b,DIP,DIP_16,EASY,C#,True,DIP,DIP,1.19,True
llama3-1-8b,DIP,DIP_17,MODERATE,JAVA,False,SRP,DIP,1.48,True
llama3-1-8b,DIP,DIP_18,MODERATE,PYTHON,False,SRP,DIP,1.34,True
llama3-1-8b,DIP,DIP_19,MODERATE,KOTLIN,False,SRP,DIP,1.34,True
llama3-1-8b,DIP,DIP_20,MODERATE,C#,False,SRP,DIP,1.32,True
llama3-1-8b,DIP,DIP_21,HARD,JAVA,False,SRP,DIP,2.07,True
llama3-1-8b,DIP,DIP_22,HARD,PYTHON,False,SRP,DIP,2.03,True
llama3-1-8b,DIP,DIP_23,HARD,KOTLIN,False,SRP,DIP,1.88,True
llama3-1-8b,DIP,DIP_24,HARD,C#,False,SRP,DIP,2.07,True
llama3-1-8b,DIP,DIP_25,EASY,JAVA,False,SRP,DIP,1.17,True
llama3-1-8b,DIP,DIP_26,EASY,PYTHON,False,SRP,DIP,1.13,True
llama3-1-8b,DIP,DIP_27,EASY,KOTLIN,False,SRP,DIP,1.28,True
llama3-1-8b,DIP,DIP_28,EASY,C#,False,SRP,DIP,1.22,True
llama3-1-8b,DIP,DIP_29,MODERATE,JAVA,False,SRP,DIP,1.47,True
llama3-1-8b,DIP,DIP_30,MODERATE,PYTHON,False,SRP,DIP,1.43,True
llama3-1-8b,DIP,DIP_31,MODERATE,KOTLIN,False,SRP,DIP,1.45,True
llama3-1-8b,DIP,DIP_32,MODERATE,C#,False,SRP,DIP,1.42,True
llama3-1-8b,DIP,DIP_33,HARD,JAVA,False,SRP,DIP,1.78,True
llama3-1-8b,DIP,DIP_34,HARD,PYTHON,False,SRP,DIP,1.77,True
llama3-1-8b,DIP,DIP_35,HARD,KOTLIN,False,SRP,DIP,2.1,True
llama3-1-8b,DIP,DIP_36,HARD,C#,False,SRP,DIP,2.66,True
llama3-1-8b,DIP,DIP_37,EASY,JAVA,True,DIP,DIP,1.13,True
llama3-1-8b,DIP,DIP_38,EASY,PYTHON,False,SRP,DIP,1.07,True
llama3-1-8b,DIP,DIP_39,EASY,KOTLIN,False,SRP,DIP,1.23,True
llama3-1-8b,DIP,DIP_40,EASY,C#,True,DIP,DIP,1.12,True
llama3-1-8b,DIP,DIP_41,MODERATE,JAVA,False,SRP,DIP,1.33,True
llama3-1-8b,DIP,DIP_42,MODERATE,PYTHON,False,SRP,DIP,1.21,True
llama3-1-8b,DIP,DIP_43,MODERATE,KOTLIN,False,SRP,DIP,1.3,True
llama3-1-8b,DIP,DIP_44,MODERATE,C#,False,SRP,DIP,1.33,True
llama3-1-8b,DIP,DIP_45,HARD,JAVA,False,SRP,DIP,1.72,True
llama3-1-8b,DIP,DIP_46,HARD,PYTHON,False,SRP,DIP,1.69,True
llama3-1-8b,DIP,DIP_47,HARD,KOTLIN,False,SRP,DIP,1.66,True
llama3-1-8b,DIP,DIP_48,HARD,C#,False,SRP,DIP,1.67,True
llama3-2-3b,LSP,LSP_1,EASY,JAVA,True,LSP,LSP,7.64,True
llama3-2-3b,LSP,LSP_2,EASY,PYTHON,True,LSP,LSP,0.55,True
llama3-2-3b,LSP,LSP_3,EASY,KOTLIN,True,LSP,LSP,0.57,True
llama3-2-3b,LSP,LSP_4,EASY,C#,True,LSP,LSP,0.56,True
llama3-2-3b,LSP,LSP_5,MODERATE,JAVA,True,LSP,LSP,0.78,True
llama3-2-3b,LSP,LSP_6,MODERATE,PYTHON,True,LSP,LSP,0.64,True
llama3-2-3b,LSP,LSP_7,MODERATE,KOTLIN,True,LSP,LSP,0.7,True
llama3-2-3b,LSP,LSP_8,MODERATE,C#,True,LSP,LSP,0.72,True
llama3-2-3b,LSP,LSP_9,HARD,JAVA,True,LSP,LSP,1.19,True
llama3-2-3b,LSP,LSP_10,HARD,PYTHON,True,LSP,LSP,1.11,True
llama3-2-3b,LSP,LSP_11,HARD,KOTLIN,True,LSP,LSP,0.94,True
llama3-2-3b,LSP,LSP_12,HARD,C#,True,LSP,LSP,1.06,True
llama3-2-3b,LSP,LSP_13,EASY,JAVA,True,LSP,LSP,0.74,True
llama3-2-3b,LSP,LSP_14,EASY,PYTHON,False,ISP,LSP,0.52,True
llama3-2-3b,LSP,LSP_15,EASY,KOTLIN,True,LSP,LSP,0.69,True
llama3-2-3b,LSP,LSP_16,EASY,C#,True,LSP,LSP,0.51,True
llama3-2-3b,LSP,LSP_17,MODERATE,JAVA,False,ISP,LSP,0.84,True
llama3-2-3b,LSP,LSP_18,MODERATE,PYTHON,False,ISP,LSP,0.67,True
llama3-2-3b,LSP,LSP_19,MODERATE,KOTLIN,False,ISP,LSP,0.77,True
llama3-2-3b,LSP,LSP_20,MODERATE,C#,False,ISP,LSP,0.77,True
llama3-2-3b,LSP,LSP_21,HARD,JAVA,False,SRP,LSP,1.01,True
llama3-2-3b,LSP,LSP_22,HARD,PYTHON,False,SRP,LSP,0.95,True
llama3-2-3b,LSP,LSP_23,HARD,KOTLIN,False,SRP,LSP,0.99,True
llama3-2-3b,LSP,LSP_24,HARD,C#,True,LSP,LSP,1.15,True
llama3-2-3b,LSP,LSP_25,EASY,JAVA,False,ISP,LSP,0.69,True
llama3-2-3b,LSP,LSP_26,EASY,PYTHON,False,ISP,LSP,0.81,True
llama3-2-3b,LSP,LSP_27,EASY,KOTLIN,False,ISP,LSP,0.57,True
llama3-2-3b,LSP,LSP_28,EASY,C#,False,ISP,LSP,0.64,True
llama3-2-3b,LSP,LSP_29,MODERATE,JAVA,False,ISP,LSP,0.86,True
llama3-2-3b,LSP,LSP_30,MODERATE,PYTHON,True,LSP,LSP,0.82,True
llama3-2-3b,LSP,LSP_31,MODERATE,KOTLIN,True,LSP,LSP,0.77,True
llama3-2-3b,LSP,LSP_32,MODERATE,C#,True,LSP,LSP,0.89,True
llama3-2-3b,LSP,LSP_33,HARD,JAVA,True,LSP,LSP,1.24,True
llama3-2-3b,LSP,LSP_34,HARD,PYTHON,True,LSP,LSP,1.27,True
llama3-2-3b,LSP,LSP_35,HARD,KOTLIN,True,LSP,LSP,1.33,True
llama3-2-3b,LSP,LSP_36,HARD,C#,True,LSP,LSP,1.53,True
llama3-2-3b,LSP,LSP_37,EASY,JAVA,True,LSP,LSP,0.52,True
llama3-2-3b,LSP,LSP_38,EASY,PYTHON,True,LSP,LSP,0.56,True
llama3-2-3b,LSP,LSP_39,EASY,KOTLIN,True,LSP,LSP,0.55,True
llama3-2-3b,LSP,LSP_40,EASY,C#,True,LSP,LSP,0.56,True
llama3-2-3b,LSP,LSP_41,MODERATE,JAVA,True,LSP,LSP,0.75,True
llama3-2-3b,LSP,LSP_42,MODERATE,PYTHON,False,ISP,LSP,0.86,True
llama3-2-3b,LSP,LSP_43,MODERATE,KOTLIN,False,ISP,LSP,0.78,True
llama3-2-3b,LSP,LSP_44,MODERATE,C#,True,LSP,LSP,0.69,True
llama3-2-3b,LSP,LSP_45,HARD,JAVA,False,ISP,LSP,1.07,True
llama3-2-3b,LSP,LSP_46,HARD,PYTHON,False,SRP,LSP,1.0,True
llama3-2-3b,LSP,LSP_47,HARD,KOTLIN,False,SRP,LSP,1.04,True
llama3-2-3b,LSP,LSP_48,HARD,C#,False,SRP,LSP,1.24,True
llama3-2-3b,SRP,SRP_1,EASY,JAVA,True,SRP,SRP,0.53,True
llama3-2-3b,SRP,SRP_2,EASY,JAVA,True,SRP,SRP,0.71,True
llama3-2-3b,SRP,SRP_3,EASY,JAVA,False,ISP,SRP,0.56,True
llama3-2-3b,SRP,SRP_4,EASY,JAVA,False,LSP,SRP,0.51,True
llama3-2-3b,SRP,SRP_5,MODERATE,JAVA,True,SRP,SRP,0.95,True
llama3-2-3b,SRP,SRP_6,MODERATE,JAVA,False,ISP,SRP,1.17,True
llama3-2-3b,SRP,SRP_7,MODERATE,JAVA,True,SRP,SRP,1.04,True
llama3-2-3b,SRP,SRP_8,MODERATE,JAVA,False,LSP,SRP,1.08,True
llama3-2-3b,SRP,SRP_9,HARD,JAVA,True,SRP,SRP,1.46,True
llama3-2-3b,SRP,SRP_10,HARD,JAVA,False,LSP,SRP,1.6,True
llama3-2-3b,SRP,SRP_11,HARD,JAVA,True,SRP,SRP,1.62,True
llama3-2-3b,SRP,SRP_12,HARD,JAVA,True,SRP,SRP,1.96,True
llama3-2-3b,SRP,SRP_13,EASY,PYTHON,False,ISP,SRP,0.66,True
llama3-2-3b,SRP,SRP_14,EASY,PYTHON,False,ISP,SRP,0.58,True
llama3-2-3b,SRP,SRP_15,EASY,PYTHON,False,ISP,SRP,0.56,True
llama3-2-3b,SRP,SRP_16,EASY,PYTHON,False,ISP,SRP,0.55,True
llama3-2-3b,SRP,SRP_17,MODERATE,PYTHON,True,SRP,SRP,0.84,True
llama3-2-3b,SRP,SRP_18,MODERATE,PYTHON,True,SRP,SRP,1.1,True
llama3-2-3b,SRP,SRP_19,MODERATE,PYTHON,True,SRP,SRP,1.04,True
llama3-2-3b,SRP,SRP_20,MODERATE,PYTHON,False,LSP,SRP,0.95,True
llama3-2-3b,SRP,SRP_21,HARD,PYTHON,True,SRP,SRP,1.32,True
llama3-2-3b,SRP,SRP_22,HARD,PYTHON,True,SRP,SRP,1.57,True
llama3-2-3b,SRP,SRP_23,HARD,PYTHON,True,SRP,SRP,1.52,True
llama3-2-3b,SRP,SRP_24,HARD,PYTHON,False,LSP,SRP,1.91,True
llama3-2-3b,SRP,SRP_25,EASY,KOTLIN,True,SRP,SRP,0.57,True
llama3-2-3b,SRP,SRP_26,EASY,KOTLIN,True,SRP,SRP,0.67,True
llama3-2-3b,SRP,SRP_27,EASY,KOTLIN,True,SRP,SRP,0.61,True
llama3-2-3b,SRP,SRP_28,EASY,KOTLIN,True,SRP,SRP,0.67,True
llama3-2-3b,SRP,SRP_29,MODERATE,KOTLIN,True,SRP,SRP,1.0,True
llama3-2-3b,SRP,SRP_30,MODERATE,KOTLIN,True,SRP,SRP,1.04,True
llama3-2-3b,SRP,SRP_31,MODERATE,KOTLIN,True,SRP,SRP,0.96,True
llama3-2-3b,SRP,SRP_32,MODERATE,KOTLIN,False,ISP,SRP,0.88,True
llama3-2-3b,SRP,SRP_33,HARD,KOTLIN,True,SRP,SRP,1.26,True
llama3-2-3b,SRP,SRP_34,HARD,KOTLIN,True,SRP,SRP,1.38,True
llama3-2-3b,SRP,SRP_35,HARD,KOTLIN,False,ISP,SRP,1.41,True
llama3-2-3b,SRP,SRP_36,HARD,KOTLIN,False,ISP,SRP,1.62,True
llama3-2-3b,SRP,SRP_37,EASY,CSHARP,False,ISP,SRP,0.67,True
llama3-2-3b,SRP,SRP_38,EASY,CSHARP,False,ISP,SRP,0.55,True
llama3-2-3b,SRP,SRP_39,EASY,CSHARP,False,ISP,SRP,0.67,True
llama3-2-3b,SRP,SRP_40,EASY,CSHARP,False,ISP,SRP,0.68,True
llama3-2-3b,SRP,SRP_41,MODERATE,CSHARP,True,SRP,SRP,0.84,True
llama3-2-3b,SRP,SRP_42,MODERATE,CSHARP,True,SRP,SRP,1.19,True
llama3-2-3b,SRP,SRP_43,MODERATE,CSHARP,True,SRP,SRP,1.03,True
llama3-2-3b,SRP,SRP_44,MODERATE,CSHARP,False,ISP,SRP,0.88,True
llama3-2-3b,SRP,SRP_45,HARD,CSHARP,True,SRP,SRP,1.4,True
llama3-2-3b,SRP,SRP_46,HARD,CSHARP,True,SRP,SRP,1.53,True
llama3-2-3b,SRP,SRP_47,HARD,CSHARP,False,LSP,SRP,1.52,True
llama3-2-3b,SRP,SRP_48,HARD,CSHARP,True,SRP,SRP,1.89,True
llama3-2-3b,OCP,OCP_1,EASY,CSHARP,False,LSP,OCP,0.63,True
llama3-2-3b,OCP,OCP_2,EASY,CSHARP,False,ISP,OCP,0.59,True
llama3-2-3b,OCP,OCP_3,EASY,CSHARP,False,ISP,OCP,0.69,True
llama3-2-3b,OCP,OCP_4,EASY,CSHARP,False,LSP,OCP,0.63,True
llama3-2-3b,OCP,OCP_5,HARD,CSHARP,False,LSP,OCP,1.82,True
llama3-2-3b,OCP,OCP_6,HARD,CSHARP,False,SRP,OCP,1.36,True
llama3-2-3b,OCP,OCP_7,HARD,CSHARP,False,LSP,OCP,2.17,True
llama3-2-3b,OCP,OCP_8,HARD,CSHARP,False,LSP,OCP,2.02,True
llama3-2-3b,OCP,OCP_9,MODERATE,CSHARP,False,ISP,OCP,0.91,True
llama3-2-3b,OCP,OCP_10,MODERATE,CSHARP,False,LSP,OCP,0.89,True
llama3-2-3b,OCP,OCP_11,MODERATE,CSHARP,False,LSP,OCP,1.39,True
llama3-2-3b,OCP,OCP_12,MODERATE,CSHARP,False,SRP,OCP,1.34,True
llama3-2-3b,OCP,OCP_13,EASY,JAVA,False,LSP,OCP,0.62,True
llama3-2-3b,OCP,OCP_14,EASY,JAVA,False,LSP,OCP,0.81,True
llama3-2-3b,OCP,OCP_15,EASY,JAVA,False,ISP,OCP,0.97,True
llama3-2-3b,OCP,OCP_16,EASY,JAVA,False,LSP,OCP,0.64,True
llama3-2-3b,OCP,OCP_17,HARD,JAVA,True,OCP,OCP,1.91,True
llama3-2-3b,OCP,OCP_18,HARD,JAVA,False,LSP,OCP,1.34,True
llama3-2-3b,OCP,OCP_19,HARD,JAVA,False,LSP,OCP,2.05,True
llama3-2-3b,OCP,OCP_20,HARD,JAVA,False,SRP,OCP,2.05,True
llama3-2-3b,OCP,OCP_21,MODERATE,JAVA,False,LSP,OCP,0.89,True
llama3-2-3b,OCP,OCP_22,MODERATE,JAVA,False,LSP,OCP,0.94,True
llama3-2-3b,OCP,OCP_23,MODERATE,JAVA,False,LSP,OCP,1.43,True
llama3-2-3b,OCP,OCP_24,MODERATE,JAVA,False,SRP,OCP,1.23,True
llama3-2-3b,OCP,OCP_25,EASY,KOTLIN,False,ISP,OCP,0.62,True
llama3-2-3b,OCP,OCP_26,EASY,KOTLIN,False,LSP,OCP,0.51,True
llama3-2-3b,OCP,OCP_27,EASY,KOTLIN,False,SRP,OCP,0.54,True
llama3-2-3b,OCP,OCP_28,EASY,KOTLIN,False,LSP,OCP,0.62,True
llama3-2-3b,OCP,OCP_29,HARD,KOTLIN,True,OCP,OCP,1.43,True
llama3-2-3b,OCP,OCP_30,HARD,KOTLIN,False,LSP,OCP,1.19,True
llama3-2-3b,OCP,OCP_31,HARD,KOTLIN,False,LSP,OCP,1.91,True
llama3-2-3b,OCP,OCP_32,HARD,KOTLIN,False,LSP,OCP,1.7,True
llama3-2-3b,OCP,OCP_33,MODERATE,KOTLIN,False,LSP,OCP,0.78,True
llama3-2-3b,OCP,OCP_34,MODERATE,KOTLIN,False,LSP,OCP,0.69,True
llama3-2-3b,OCP,OCP_35,MODERATE,KOTLIN,False,LSP,OCP,1.45,True
llama3-2-3b,OCP,OCP_36,MODERATE,KOTLIN,False,LSP,OCP,1.08,True
llama3-2-3b,OCP,OCP_37,EASY,PYTHON,False,ISP,OCP,0.68,True
llama3-2-3b,OCP,OCP_38,EASY,PYTHON,False,ISP,OCP,0.57,True
llama3-2-3b,OCP,OCP_39,EASY,PYTHON,False,ISP,OCP,0.69,True
llama3-2-3b,OCP,OCP_40,EASY,PYTHON,False,LSP,OCP,0.6,True
llama3-2-3b,OCP,OCP_41,HARD,PYTHON,False,LSP,OCP,1.69,True
llama3-2-3b,OCP,OCP_42,HARD,PYTHON,False,SRP,OCP,1.21,True
llama3-2-3b,OCP,OCP_43,HARD,PYTHON,False,LSP,OCP,1.97,True
llama3-2-3b,OCP,OCP_44,HARD,PYTHON,False,LSP,OCP,1.93,True
llama3-2-3b,OCP,OCP_45,MODERATE,PYTHON,False,LSP,OCP,0.85,True
llama3-2-3b,OCP,OCP_46,MODERATE,PYTHON,False,ISP,OCP,0.77,True
llama3-2-3b,OCP,OCP_47,MODERATE,PYTHON,False,LSP,OCP,1.3,True
llama3-2-3b,OCP,OCP_48,MODERATE,PYTHON,False,LSP,OCP,1.11,True
llama3-2-3b,ISP,ISP_1,EASY,CSHARP,True,ISP,ISP,0.62,True
llama3-2-3b,ISP,ISP_2,EASY,CSHARP,True,ISP,ISP,0.84,True
llama3-2-3b,ISP,ISP_3,EASY,CSHARP,True,ISP,ISP,0.53,True
llama3-2-3b,ISP,ISP_4,EASY,CSHARP,False,LSP,ISP,0.54,True
llama3-2-3b,ISP,ISP_5,HARD,CSHARP,True,ISP,ISP,1.48,True
llama3-2-3b,ISP,ISP_6,HARD,CSHARP,False,SRP,ISP,1.26,True
llama3-2-3b,ISP,ISP_7,HARD,CSHARP,False,SRP,ISP,1.7,True
llama3-2-3b,ISP,ISP_8,HARD,CSHARP,True,ISP,ISP,1.08,True
llama3-2-3b,ISP,ISP_9,MODERATE,CSHARP,True,ISP,ISP,0.97,True
llama3-2-3b,ISP,ISP_10,MODERATE,CSHARP,True,ISP,ISP,1.0,True
llama3-2-3b,ISP,ISP_11,MODERATE,CSHARP,False,LSP,ISP,0.72,True
llama3-2-3b,ISP,ISP_12,MODERATE,CSHARP,False,LSP,ISP,0.84,True
llama3-2-3b,ISP,ISP_13,EASY,JAVA,True,ISP,ISP,0.65,True
llama3-2-3b,ISP,ISP_14,EASY,JAVA,True,ISP,ISP,0.8,True
llama3-2-3b,ISP,ISP_15,EASY,JAVA,True,ISP,ISP,0.58,True
llama3-2-3b,ISP,ISP_16,EASY,JAVA,True,ISP,ISP,0.66,True
llama3-2-3b,ISP,ISP_17,HARD,JAVA,False,LSP,ISP,1.36,True
llama3-2-3b,ISP,ISP_18,HARD,JAVA,False,LSP,ISP,1.43,True
llama3-2-3b,ISP,ISP_19,HARD,JAVA,False,SRP,ISP,1.64,True
llama3-2-3b,ISP,ISP_20,HARD,JAVA,True,ISP,ISP,1.21,True
llama3-2-3b,ISP,ISP_21,MODERATE,JAVA,True,ISP,ISP,1.05,True
llama3-2-3b,ISP,ISP_22,MODERATE,JAVA,True,ISP,ISP,1.04,True
llama3-2-3b,ISP,ISP_23,MODERATE,JAVA,True,ISP,ISP,0.73,True
llama3-2-3b,ISP,ISP_24,MODERATE,JAVA,True,ISP,ISP,0.88,True
llama3-2-3b,ISP,ISP_25,EASY,KOTLIN,False,LSP,ISP,0.64,True
llama3-2-3b,ISP,ISP_26,EASY,KOTLIN,True,ISP,ISP,0.77,True
llama3-2-3b,ISP,ISP_27,EASY,KOTLIN,True,ISP,ISP,0.6,True
llama3-2-3b,ISP,ISP_28,EASY,KOTLIN,False,LSP,ISP,0.51,True
llama3-2-3b,ISP,ISP_29,HARD,KOTLIN,False,LSP,ISP,1.41,True
llama3-2-3b,ISP,ISP_30,HARD,KOTLIN,False,LSP,ISP,1.54,True
llama3-2-3b,ISP,ISP_31,HARD,KOTLIN,False,LSP,ISP,1.58,True
llama3-2-3b,ISP,ISP_32,HARD,KOTLIN,True,ISP,ISP,1.18,True
llama3-2-3b,ISP,ISP_33,MODERATE,KOTLIN,False,LSP,ISP,0.91,True
llama3-2-3b,ISP,ISP_34,MODERATE,KOTLIN,True,ISP,ISP,1.11,True
llama3-2-3b,ISP,ISP_35,MODERATE,KOTLIN,False,LSP,ISP,0.8,True
llama3-2-3b,ISP,ISP_36,MODERATE,KOTLIN,False,LSP,ISP,0.8,True
llama3-2-3b,ISP,ISP_37,EASY,PYTHON,False,LSP,ISP,0.68,True
llama3-2-3b,ISP,ISP_38,EASY,PYTHON,False,LSP,ISP,0.68,True
llama3-2-3b,ISP,ISP_39,EASY,PYTHON,True,ISP,ISP,0.59,True
llama3-2-3b,ISP,ISP_40,EASY,PYTHON,False,LSP,ISP,0.6,True
llama3-2-3b,ISP,ISP_41,HARD,PYTHON,False,LSP,ISP,1.24,True
llama3-2-3b,ISP,ISP_42,HARD,PYTHON,False,LSP,ISP,1.34,True
llama3-2-3b,ISP,ISP_43,HARD,PYTHON,False,LSP,ISP,1.72,True
llama3-2-3b,ISP,ISP_44,HARD,PYTHON,False,LSP,ISP,1.09,True
llama3-2-3b,ISP,ISP_45,MODERATE,PYTHON,False,LSP,ISP,0.89,True
llama3-2-3b,ISP,ISP_46,MODERATE,PYTHON,False,LSP,ISP,1.04,True
llama3-2-3b,ISP,ISP_47,MODERATE,PYTHON,False,LSP,ISP,0.8,True
llama3-2-3b,ISP,ISP_48,MODERATE,PYTHON,False,LSP,ISP,0.89,True
llama3-2-3b,DIP,DIP_1,EASY,JAVA,False,ISP,DIP,0.57,True
llama3-2-3b,DIP,DIP_2,EASY,PYTHON,False,SRP,DIP,0.57,True
llama3-2-3b,DIP,DIP_3,EASY,KOTLIN,False,ISP,DIP,0.69,True
llama3-2-3b,DIP,DIP_4,EASY,C#,False,ISP,DIP,0.7,True
llama3-2-3b,DIP,DIP_5,MODERATE,JAVA,False,ISP,DIP,0.86,True
llama3-2-3b,DIP,DIP_6,MODERATE,PYTHON,False,SRP,DIP,0.71,True
llama3-2-3b,DIP,DIP_7,MODERATE,KOTLIN,False,ISP,DIP,0.59,True
llama3-2-3b,DIP,DIP_8,MODERATE,C#,False,ISP,DIP,0.69,True
llama3-2-3b,DIP,DIP_9,HARD,JAVA,False,SRP,DIP,1.13,True
llama3-2-3b,DIP,DIP_10,HARD,PYTHON,False,SRP,DIP,1.09,True
llama3-2-3b,DIP,DIP_11,HARD,KOTLIN,False,SRP,DIP,1.01,True
llama3-2-3b,DIP,DIP_12,HARD,C#,False,SRP,DIP,1.05,True
llama3-2-3b,DIP,DIP_13,EASY,JAVA,False,LSP,DIP,0.67,True
llama3-2-3b,DIP,DIP_14,EASY,PYTHON,False,SRP,DIP,0.69,True
llama3-2-3b,DIP,DIP_15,EASY,KOTLIN,False,ISP,DIP,0.57,True
llama3-2-3b,DIP,DIP_16,EASY,C#,False,ISP,DIP,0.58,True
llama3-2-3b,DIP,DIP_17,MODERATE,JAVA,False,ISP,DIP,0.69,True
llama3-2-3b,DIP,DIP_18,MODERATE,PYTHON,False,ISP,DIP,0.65,True
llama3-2-3b,DIP,DIP_19,MODERATE,KOTLIN,False,ISP,DIP,0.68,True
llama3-2-3b,DIP,DIP_20,MODERATE,C#,False,ISP,DIP,0.68,True
llama3-2-3b,DIP,DIP_21,HARD,JAVA,False,SRP,DIP,1.17,True
llama3-2-3b,DIP,DIP_22,HARD,PYTHON,False,LSP,DIP,1.08,True
llama3-2-3b,DIP,DIP_23,HARD,KOTLIN,False,SRP,DIP,0.98,True
llama3-2-3b,DIP,DIP_24,HARD,C#,False,LSP,DIP,1.35,True
llama3-2-3b,DIP,DIP_25,EASY,JAVA,False,ISP,DIP,0.53,True
llama3-2-3b,DIP,DIP_26,EASY,PYTHON,False,ISP,DIP,0.68,True
llama3-2-3b,DIP,DIP_27,EASY,KOTLIN,False,SRP,DIP,0.53,True
llama3-2-3b,DIP,DIP_28,EASY,C#,False,ISP,DIP,0.67,True
llama3-2-3b,DIP,DIP_29,MODERATE,JAVA,False,SRP,DIP,0.74,True
llama3-2-3b,DIP,DIP_30,MODERATE,PYTHON,False,SRP,DIP,0.72,True
llama3-2-3b,DIP,DIP_31,MODERATE,KOTLIN,False,SRP,DIP,0.74,True
llama3-2-3b,DIP,DIP_32,MODERATE,C#,False,ISP,DIP,0.74,True
llama3-2-3b,DIP,DIP_33,HARD,JAVA,False,SRP,DIP,1.0,True
llama3-2-3b,DIP,DIP_34,HARD,PYTHON,False,SRP,DIP,0.95,True
llama3-2-3b,DIP,DIP_35,HARD,KOTLIN,False,SRP,DIP,1.16,True
llama3-2-3b,DIP,DIP_36,HARD,C#,False,SRP,DIP,1.25,True
llama3-2-3b,DIP,DIP_37,EASY,JAVA,False,SRP,DIP,0.64,True
llama3-2-3b,DIP,DIP_38,EASY,PYTHON,False,SRP,DIP,0.55,True
llama3-2-3b,DIP,DIP_39,EASY,KOTLIN,False,SRP,DIP,0.5,True
llama3-2-3b,DIP,DIP_40,EASY,C#,False,ISP,DIP,0.53,True
llama3-2-3b,DIP,DIP_41,MODERATE,JAVA,False,ISP,DIP,0.67,True
llama3-2-3b,DIP,DIP_42,MODERATE,PYTHON,False,LSP,DIP,0.71,True
llama3-2-3b,DIP,DIP_43,MODERATE,KOTLIN,False,ISP,DIP,0.63,True
llama3-2-3b,DIP,DIP_44,MODERATE,C#,False,LSP,DIP,0.78,True
llama3-2-3b,DIP,DIP_45,HARD,JAVA,False,SRP,DIP,0.84,True
llama3-2-3b,DIP,DIP_46,HARD,PYTHON,False,SRP,DIP,0.89,True
llama3-2-3b,DIP,DIP_47,HARD,KOTLIN,False,SRP,DIP,0.88,True
llama3-2-3b,DIP,DIP_48,HARD,C#,False,SRP,DIP,0.9,True
qwen3-4b,LSP,LSP_1,EASY,JAVA,False,,LSP,1.47,True
qwen3-4b,LSP,LSP_2,EASY,PYTHON,True,LSP,LSP,1.14,True
qwen3-4b,LSP,LSP_3,EASY,KOTLIN,False,,LSP,0.65,True
qwen3-4b,LSP,LSP_4,EASY,C#,False,,LSP,1.03,True
qwen3-4b,LSP,LSP_5,MODERATE,JAVA,True,LSP,LSP,1.33,True
qwen3-4b,LSP,LSP_6,MODERATE,PYTHON,True,LSP,LSP,1.55,True
qwen3-4b,LSP,LSP_7,MODERATE,KOTLIN,True,LSP,LSP,1.4,True
qwen3-4b,LSP,LSP_8,MODERATE,C#,True,LSP,LSP,1.45,True
qwen3-4b,LSP,LSP_9,HARD,JAVA,True,LSP,LSP,2.54,True
qwen3-4b,LSP,LSP_10,HARD,PYTHON,True,LSP,LSP,2.03,True
qwen3-4b,LSP,LSP_11,HARD,KOTLIN,True,LSP,LSP,2.23,True
qwen3-4b,LSP,LSP_12,HARD,C#,True,LSP,LSP,2.76,True
qwen3-4b,LSP,LSP_13,EASY,JAVA,True,LSP,LSP,0.97,True
qwen3-4b,LSP,LSP_14,EASY,PYTHON,True,LSP,LSP,1.15,True
qwen3-4b,LSP,LSP_15,EASY,KOTLIN,False,,LSP,1.09,True
qwen3-4b,LSP,LSP_16,EASY,C#,True,LSP,LSP,1.07,True
qwen3-4b,LSP,LSP_17,MODERATE,JAVA,True,LSP,LSP,1.49,True
qwen3-4b,LSP,LSP_18,MODERATE,PYTHON,True,LSP,LSP,1.76,True
qwen3-4b,LSP,LSP_19,MODERATE,KOTLIN,True,LSP,LSP,1.46,True
qwen3-4b,LSP,LSP_20,MODERATE,C#,True,LSP,LSP,1.37,True
qwen3-4b,LSP,LSP_21,HARD,JAVA,True,LSP,LSP,1.69,True
qwen3-4b,LSP,LSP_22,HARD,PYTHON,True,LSP,LSP,1.89,True
qwen3-4b,LSP,LSP_23,HARD,KOTLIN,True,LSP,LSP,1.71,True
qwen3-4b,LSP,LSP_24,HARD,C#,True,LSP,LSP,1.85,True
qwen3-4b,LSP,LSP_25,EASY,JAVA,False,DIP,LSP,0.91,True
qwen3-4b,LSP,LSP_26,EASY,PYTHON,False,SRP,LSP,0.97,True
qwen3-4b,LSP,LSP_27,EASY,KOTLIN,False,OCP,LSP,1.07,True
qwen3-4b,LSP,LSP_28,EASY,C#,False,DIP,LSP,0.92,True
qwen3-4b,LSP,LSP_29,MODERATE,JAVA,False,DIP,LSP,1.51,True
qwen3-4b,LSP,LSP_30,MODERATE,PYTHON,True,LSP,LSP,1.58,True
qwen3-4b,LSP,LSP_31,MODERATE,KOTLIN,True,LSP,LSP,1.51,True
qwen3-4b,LSP,LSP_32,MODERATE,C#,True,LSP,LSP,1.43,True
qwen3-4b,LSP,LSP_33,HARD,JAVA,True,LSP,LSP,1.55,True
qwen3-4b,LSP,LSP_34,HARD,PYTHON,False,DIP,LSP,1.81,True
qwen3-4b,LSP,LSP_35,HARD,KOTLIN,True,LSP,LSP,1.87,True
qwen3-4b,LSP,LSP_36,HARD,C#,False,DIP,LSP,1.71,True
qwen3-4b,LSP,LSP_37,EASY,JAVA,False,,LSP,0.65,True
qwen3-4b,LSP,LSP_38,EASY,PYTHON,False,,LSP,1.48,True
qwen3-4b,LSP,LSP_39,EASY,KOTLIN,False,,LSP,0.64,True
qwen3-4b,LSP,LSP_40,EASY,C#,False,,LSP,0.66,True
qwen3-4b,LSP,LSP_41,MODERATE,JAVA,True,LSP,LSP,1.24,True
qwen3-4b,LSP,LSP_42,MODERATE,PYTHON,True,LSP,LSP,1.32,True
qwen3-4b,LSP,LSP_43,MODERATE,KOTLIN,True,LSP,LSP,1.22,True
qwen3-4b,LSP,LSP_44,MODERATE,C#,True,LSP,LSP,1.38,True
qwen3-4b,LSP,LSP_45,HARD,JAVA,True,LSP,LSP,1.48,True
qwen3-4b,LSP,LSP_46,HARD,PYTHON,True,LSP,LSP,1.43,True
qwen3-4b,LSP,LSP_47,HARD,KOTLIN,True,LSP,LSP,1.45,True
qwen3-4b,LSP,LSP_48,HARD,C#,True,LSP,LSP,1.46,True
qwen3-4b,SRP,SRP_1,EASY,JAVA,False,,SRP,0.62,True
qwen3-4b,SRP,SRP_2,EASY,JAVA,True,SRP,SRP,1.0,True
qwen3-4b,SRP,SRP_3,EASY,JAVA,True,SRP,SRP,1.07,True
qwen3-4b,SRP,SRP_4,EASY,JAVA,False,,SRP,1.43,True
qwen3-4b,SRP,SRP_5,MODERATE,JAVA,True,SRP,SRP,1.27,True
qwen3-4b,SRP,SRP_6,MODERATE,JAVA,True,SRP,SRP,1.5,True
qwen3-4b,SRP,SRP_7,MODERATE,JAVA,True,SRP,SRP,1.74,True
qwen3-4b,SRP,SRP_8,MODERATE,JAVA,True,SRP,SRP,1.37,True
qwen3-4b,SRP,SRP_9,HARD,JAVA,True,SRP,SRP,1.82,True
qwen3-4b,SRP,SRP_10,HARD,JAVA,True,SRP,SRP,1.97,True
qwen3-4b,SRP,SRP_11,HARD,JAVA,True,SRP,SRP,2.0,True
qwen3-4b,SRP,SRP_12,HARD,JAVA,True,SRP,SRP,2.09,True
qwen3-4b,SRP,SRP_13,EASY,PYTHON,False,,SRP,2.97,True
qwen3-4b,SRP,SRP_14,EASY,PYTHON,False,,SRP,1.38,True
qwen3-4b,SRP,SRP_15,EASY,PYTHON,False,,SRP,1.28,True
qwen3-4b,SRP,SRP_16,EASY,PYTHON,False,,SRP,0.64,True
qwen3-4b,SRP,SRP_17,MODERATE,PYTHON,True,SRP,SRP,1.19,True
qwen3-4b,SRP,SRP_18,MODERATE,PYTHON,False,DIP,SRP,1.36,True
qwen3-4b,SRP,SRP_19,MODERATE,PYTHON,True,SRP,SRP,1.71,True
qwen3-4b,SRP,SRP_20,MODERATE,PYTHON,True,SRP,SRP,1.36,True
qwen3-4b,SRP,SRP_21,HARD,PYTHON,True,SRP,SRP,1.7,True
qwen3-4b,SRP,SRP_22,HARD,PYTHON,True,SRP,SRP,1.89,True
qwen3-4b,SRP,SRP_23,HARD,PYTHON,True,SRP,SRP,1.89,True
qwen3-4b,SRP,SRP_24,HARD,PYTHON,True,SRP,SRP,1.85,True
qwen3-4b,SRP,SRP_25,EASY,KOTLIN,False,,SRP,0.92,True
qwen3-4b,SRP,SRP_26,EASY,KOTLIN,False,,SRP,1.36,True
qwen3-4b,SRP,SRP_27,EASY,KOTLIN,True,SRP,SRP,0.97,True
qwen3-4b,SRP,SRP_28,EASY,KOTLIN,True,SRP,SRP,0.94,True
qwen3-4b,SRP,SRP_29,MODERATE,KOTLIN,True,SRP,SRP,1.25,True
qwen3-4b,SRP,SRP_30,MODERATE,KOTLIN,True,SRP,SRP,1.4,True
qwen3-4b,SRP,SRP_31,MODERATE,KOTLIN,True,SRP,SRP,1.56,True
qwen3-4b,SRP,SRP_32,MODERATE,KOTLIN,True,SRP,SRP,1.22,True
qwen3-4b,SRP,SRP_33,HARD,KOTLIN,True,SRP,SRP,1.71,True
qwen3-4b,SRP,SRP_34,HARD,KOTLIN,True,SRP,SRP,1.8,True
qwen3-4b,SRP,SRP_35,HARD,KOTLIN,True,SRP,SRP,1.8,True
qwen3-4b,SRP,SRP_36,HARD,KOTLIN,True,SRP,SRP,2.16,True
qwen3-4b,SRP,SRP_37,EASY,CSHARP,True,SRP,SRP,1.03,True
qwen3-4b,SRP,SRP_38,EASY,CSHARP,True,SRP,SRP,1.02,True
qwen3-4b,SRP,SRP_39,EASY,CSHARP,True,SRP,SRP,0.97,True
qwen3-4b,SRP,SRP_40,EASY,CSHARP,True,SRP,SRP,1.02,True
qwen3-4b,SRP,SRP_41,MODERATE,CSHARP,True,SRP,SRP,1.24,True
qwen3-4b,SRP,SRP_42,MODERATE,CSHARP,True,SRP,SRP,1.53,True
qwen3-4b,SRP,SRP_43,MODERATE,CSHARP,True,SRP,SRP,1.56,True
qwen3-4b,SRP,SRP_44,MODERATE,CSHARP,False,DIP,SRP,1.1,True
qwen3-4b,SRP,SRP_45,HARD,CSHARP,True,SRP,SRP,1.76,True
qwen3-4b,SRP,SRP_46,HARD,CSHARP,True,SRP,SRP,1.89,True
qwen3-4b,SRP,SRP_47,HARD,CSHARP,True,SRP,SRP,1.94,True
qwen3-4b,SRP,SRP_48,HARD,CSHARP,True,SRP,SRP,2.09,True
qwen3-4b,OCP,OCP_1,EASY,CSHARP,False,LSP,OCP,1.34,True
qwen3-4b,OCP,OCP_2,EASY,CSHARP,True,OCP,OCP,1.06,True
qwen3-4b,OCP,OCP_3,EASY,CSHARP,True,OCP,OCP,1.2,True
qwen3-4b,OCP,OCP_4,EASY,CSHARP,True,OCP,OCP,1.31,True
qwen3-4b,OCP,OCP_5,HARD,CSHARP,True,OCP,OCP,2.27,True
qwen3-4b,OCP,OCP_6,HARD,CSHARP,True,OCP,OCP,1.98,True
qwen3-4b,OCP,OCP_7,HARD,CSHARP,False,SRP,OCP,2.25,True
qwen3-4b,OCP,OCP_8,HARD,CSHARP,True,OCP,OCP,2.32,True
qwen3-4b,OCP,OCP_9,MODERATE,CSHARP,False,LSP,OCP,1.9,True
qwen3-4b,OCP,OCP_10,MODERATE,CSHARP,False,SRP,OCP,1.18,True
qwen3-4b,OCP,OCP_11,MODERATE,CSHARP,False,SRP,OCP,2.07,True
qwen3-4b,OCP,OCP_12,MODERATE,CSHARP,True,OCP,OCP,1.87,True
qwen3-4b,OCP,OCP_13,EASY,JAVA,False,LSP,OCP,1.18,True
qwen3-4b,OCP,OCP_14,EASY,JAVA,True,OCP,OCP,1.04,True
qwen3-4b,OCP,OCP_15,EASY,JAVA,True,OCP,OCP,1.04,True
qwen3-4b,OCP,OCP_16,EASY,JAVA,True,OCP,OCP,1.25,True
qwen3-4b,OCP,OCP_17,HARD,JAVA,True,OCP,OCP,2.22,True
qwen3-4b,OCP,OCP_18,HARD,JAVA,False,SRP,OCP,1.61,True
qwen3-4b,OCP,OCP_19,HARD,JAVA,False,SRP,OCP,3.42,True
qwen3-4b,OCP,OCP_20,HARD,JAVA,True,OCP,OCP,2.5,True
qwen3-4b,OCP,OCP_21,MODERATE,JAVA,False,LSP,OCP,2.74,True
qwen3-4b,OCP,OCP_22,MODERATE,JAVA,True,OCP,OCP,1.36,True
qwen3-4b,OCP,OCP_23,MODERATE,JAVA,False,SRP,OCP,2.19,True
qwen3-4b,OCP,OCP_24,MODERATE,JAVA,True,OCP,OCP,1.82,True
qwen3-4b,OCP,OCP_25,EASY,KOTLIN,False,,OCP,1.37,True
qwen3-4b,OCP,OCP_26,EASY,KOTLIN,True,OCP,OCP,1.0,True
qwen3-4b,OCP,OCP_27,EASY,KOTLIN,True,OCP,OCP,0.97,True
qwen3-4b,OCP,OCP_28,EASY,KOTLIN,False,SRP,OCP,1.04,True
qwen3-4b,OCP,OCP_29,HARD,KOTLIN,True,OCP,OCP,2.04,True
qwen3-4b,OCP,OCP_30,HARD,KOTLIN,False,SRP,OCP,1.69,True
qwen3-4b,OCP,OCP_31,HARD,KOTLIN,False,SRP,OCP,3.56,True
qwen3-4b,OCP,OCP_32,HARD,KOTLIN,True,OCP,OCP,2.13,True
qwen3-4b,OCP,OCP_33,MODERATE,KOTLIN,False,LSP,OCP,1.84,True
qwen3-4b,OCP,OCP_34,MODERATE,KOTLIN,False,SRP,OCP,1.18,True
qwen3-4b,OCP,OCP_35,MODERATE,KOTLIN,False,SRP,OCP,1.51,True
qwen3-4b,OCP,OCP_36,MODERATE,KOTLIN,False,SRP,OCP,1.52,True
qwen3-4b,OCP,OCP_37,EASY,PYTHON,False,LSP,OCP,1.59,True
qwen3-4b,OCP,OCP_38,EASY,PYTHON,True,OCP,OCP,1.06,True
qwen3-4b,OCP,OCP_39,EASY,PYTHON,True,OCP,OCP,1.02,True
qwen3-4b,OCP,OCP_40,EASY,PYTHON,False,SRP,OCP,1.02,True
qwen3-4b,OCP,OCP_41,HARD,PYTHON,True,OCP,OCP,1.97,True
qwen3-4b,OCP,OCP_42,HARD,PYTHON,False,SRP,OCP,1.72,True
qwen3-4b,OCP,OCP_43,HARD,PYTHON,False,SRP,OCP,2.22,True
qwen3-4b,OCP,OCP_44,HARD,PYTHON,False,SRP,OCP,1.86,True
qwen3-4b,OCP,OCP_45,MODERATE,PYTHON,False,LSP,OCP,2.01,True
qwen3-4b,OCP,OCP_46,MODERATE,PYTHON,True,OCP,OCP,1.43,True
qwen3-4b,OCP,OCP_47,MODERATE,PYTHON,False,SRP,OCP,2.0,True
qwen3-4b,OCP,OCP_48,MODERATE,PYTHON,False,SRP,OCP,1.7,True
qwen3-4b,ISP,ISP_1,EASY,CSHARP,False,LSP,ISP,1.42,True
qwen3-4b,ISP,ISP_2,EASY,CSHARP,False,LSP,ISP,1.17,True
qwen3-4b,ISP,ISP_3,EASY,CSHARP,False,LSP,ISP,1.96,True
qwen3-4b,ISP,ISP_4,EASY,CSHARP,False,LSP,ISP,1.29,True
qwen3-4b,ISP,ISP_5,HARD,CSHARP,False,LSP,ISP,2.07,True
qwen3-4b,ISP,ISP_6,HARD,CSHARP,False,LSP,ISP,2.06,True
qwen3-4b,ISP,ISP_7,HARD,CSHARP,True,ISP,ISP,2.35,True
qwen3-4b,ISP,ISP_8,HARD,CSHARP,False,LSP,ISP,2.4,True
qwen3-4b,ISP,ISP_9,MODERATE,CSHARP,False,LSP,ISP,1.8,True
qwen3-4b,ISP,ISP_10,MODERATE,CSHARP,False,LSP,ISP,2.55,True
qwen3-4b,ISP,ISP_11,MODERATE,CSHARP,True,ISP,ISP,1.7,True
qwen3-4b,ISP,ISP_12,MODERATE,CSHARP,False,LSP,ISP,1.86,True
qwen3-4b,ISP,ISP_13,EASY,JAVA,False,LSP,ISP,1.42,True
qwen3-4b,ISP,ISP_14,EASY,JAVA,False,LSP,ISP,1.55,True
qwen3-4b,ISP,ISP_15,EASY,JAVA,True,ISP,ISP,1.28,True
qwen3-4b,ISP,ISP_16,EASY,JAVA,True,ISP,ISP,1.18,True
qwen3-4b,ISP,ISP_17,HARD,JAVA,False,LSP,ISP,2.48,True
qwen3-4b,ISP,ISP_18,HARD,JAVA,False,LSP,ISP,2.82,True
qwen3-4b,ISP,ISP_19,HARD,JAVA,True,ISP,ISP,2.51,True
qwen3-4b,ISP,ISP_20,HARD,JAVA,False,LSP,ISP,2.26,True
qwen3-4b,ISP,ISP_21,MODERATE,JAVA,True,ISP,ISP,1.51,True
qwen3-4b,ISP,ISP_22,MODERATE,JAVA,False,LSP,ISP,2.06,True
qwen3-4b,ISP,ISP_23,MODERATE,JAVA,True,ISP,ISP,1.1,True
qwen3-4b,ISP,ISP_24,MODERATE,JAVA,False,LSP,ISP,2.05,True
qwen3-4b,ISP,ISP_25,EASY,KOTLIN,False,LSP,ISP,1.64,True
qwen3-4b,ISP,ISP_26,EASY,KOTLIN,False,LSP,ISP,1.24,True
qwen3-4b,ISP,ISP_27,EASY,KOTLIN,False,LSP,ISP,1.26,True
qwen3-4b,ISP,ISP_28,EASY,KOTLIN,False,LSP,ISP,1.3,True
qwen3-4b,ISP,ISP_29,HARD,KOTLIN,False,LSP,ISP,2.25,True
qwen3-4b,ISP,ISP_30,HARD,KOTLIN,False,LSP,ISP,2.19,True
qwen3-4b,ISP,ISP_31,HARD,KOTLIN,False,LSP,ISP,2.58,True
qwen3-4b,ISP,ISP_32,HARD,KOTLIN,False,LSP,ISP,2.19,True
qwen3-4b,ISP,ISP_33,MODERATE,KOTLIN,False,LSP,ISP,1.71,True
qwen3-4b,ISP,ISP_34,MODERATE,KOTLIN,False,LSP,ISP,1.94,True
qwen3-4b,ISP,ISP_35,MODERATE,KOTLIN,False,LSP,ISP,1.59,True
qwen3-4b,ISP,ISP_36,MODERATE,KOTLIN,False,LSP,ISP,1.72,True
qwen3-4b,ISP,ISP_37,EASY,PYTHON,False,LSP,ISP,1.63,True
qwen3-4b,ISP,ISP_38,EASY,PYTHON,False,LSP,ISP,1.25,True
qwen3-4b,ISP,ISP_39,EASY,PYTHON,False,LSP,ISP,1.55,True
qwen3-4b,ISP,ISP_40,EASY,PYTHON,False,,ISP,1.29,False
qwen3-4b,ISP,ISP_41,HARD,PYTHON,False,LSP,ISP,2.59,True
qwen3-4b,ISP,ISP_42,HARD,PYTHON,False,LSP,ISP,2.42,True
qwen3-4b,ISP,ISP_43,HARD,PYTHON,False,LSP,ISP,3.22,True
qwen3-4b,ISP,ISP_44,HARD,PYTHON,False,LSP,ISP,2.5,True
qwen3-4b,ISP,ISP_45,MODERATE,PYTHON,False,LSP,ISP,1.92,True
qwen3-4b,ISP,ISP_46,MODERATE,PYTHON,False,LSP,ISP,1.66,True
qwen3-4b,ISP,ISP_47,MODERATE,PYTHON,False,LSP,ISP,1.6,True
qwen3-4b,ISP,ISP_48,MODERATE,PYTHON,False,LSP,ISP,2.68,True
qwen3-4b,DIP,DIP_1,EASY,JAVA,True,DIP,DIP,0.96,True
qwen3-4b,DIP,DIP_2,EASY,PYTHON,True,DIP,DIP,1.2,True
qwen3-4b,DIP,DIP_3,EASY,KOTLIN,False,,DIP,1.49,True
qwen3-4b,DIP,DIP_4,EASY,C#,True,DIP,DIP,1.11,True
qwen3-4b,DIP,DIP_5,MODERATE,JAVA,True,DIP,DIP,0.93,True
qwen3-4b,DIP,DIP_6,MODERATE,PYTHON,False,SRP,DIP,1.07,True
qwen3-4b,DIP,DIP_7,MODERATE,KOTLIN,True,DIP,DIP,0.94,True
qwen3-4b,DIP,DIP_8,MODERATE,C#,True,DIP,DIP,0.96,True
qwen3-4b,DIP,DIP_9,HARD,JAVA,True,DIP,DIP,1.55,True
qwen3-4b,DIP,DIP_10,HARD,PYTHON,True,DIP,DIP,1.48,True
qwen3-4b,DIP,DIP_11,HARD,KOTLIN,False,SRP,DIP,1.48,True
qwen3-4b,DIP,DIP_12,HARD,C#,True,DIP,DIP,1.53,True
qwen3-4b,DIP,DIP_13,EASY,JAVA,False,,DIP,1.79,True
qwen3-4b,DIP,DIP_14,EASY,PYTHON,True,DIP,DIP,0.86,True
qwen3-4b,DIP,DIP_15,EASY,KOTLIN,False,,DIP,1.11,True
qwen3-4b,DIP,DIP_16,EASY,C#,False,,DIP,1.17,True
qwen3-4b,DIP,DIP_17,MODERATE,JAVA,False,SRP,DIP,1.15,True
qwen3-4b,DIP,DIP_18,MODERATE,PYTHON,False,OCP,DIP,1.29,True
qwen3-4b,DIP,DIP_19,MODERATE,KOTLIN,False,SRP,DIP,1.13,True
qwen3-4b,DIP,DIP_20,MODERATE,C#,False,OCP,DIP,1.3,True
qwen3-4b,DIP,DIP_21,HARD,JAVA,False,OCP,DIP,1.7,True
qwen3-4b,DIP,DIP_22,HARD,PYTHON,False,OCP,DIP,1.53,True
qwen3-4b,DIP,DIP_23,HARD,KOTLIN,False,OCP,DIP,1.67,True
qwen3-4b,DIP,DIP_24,HARD,C#,False,OCP,DIP,1.7,True
qwen3-4b,DIP,DIP_25,EASY,JAVA,False,,DIP,1.11,True
qwen3-4b,DIP,DIP_26,EASY,PYTHON,False,SRP,DIP,1.08,True
qwen3-4b,DIP,DIP_27,EASY,KOTLIN,False,SRP,DIP,1.01,True
qwen3-4b,DIP,DIP_28,EASY,C#,False,SRP,DIP,1.01,True
qwen3-4b,DIP,DIP_29,MODERATE,JAVA,False,SRP,DIP,1.21,True
qwen3-4b,DIP,DIP_30,MODERATE,PYTHON,False,SRP,DIP,1.22,True
qwen3-4b,DIP,DIP_31,MODERATE,KOTLIN,False,SRP,DIP,1.22,True
qwen3-4b,DIP,DIP_32,MODERATE,C#,False,SRP,DIP,1.23,True
qwen3-4b,DIP,DIP_33,HARD,JAVA,False,SRP,DIP,1.43,True
qwen3-4b,DIP,DIP_34,HARD,PYTHON,False,SRP,DIP,1.43,True
qwen3-4b,DIP,DIP_35,HARD,KOTLIN,False,SRP,DIP,1.57,True
qwen3-4b,DIP,DIP_36,HARD,C#,False,SRP,DIP,1.63,True
qwen3-4b,DIP,DIP_37,EASY,JAVA,False,,DIP,1.68,True
qwen3-4b,DIP,DIP_38,EASY,PYTHON,True,DIP,DIP,1.2,True
qwen3-4b,DIP,DIP_39,EASY,KOTLIN,False,,DIP,1.03,True
qwen3-4b,DIP,DIP_40,EASY,C#,False,,DIP,1.52,True
qwen3-4b,DIP,DIP_41,MODERATE,JAVA,True,DIP,DIP,1.42,True
qwen3-4b,DIP,DIP_42,MODERATE,PYTHON,True,DIP,DIP,1.2,True
qwen3-4b,DIP,DIP_43,MODERATE,KOTLIN,False,SRP,DIP,1.12,True
qwen3-4b,DIP,DIP_44,MODERATE,C#,True,DIP,DIP,1.22,True
qwen3-4b,DIP,DIP_45,HARD,JAVA,False,SRP,DIP,1.37,True
qwen3-4b,DIP,DIP_46,HARD,PYTHON,False,SRP,DIP,1.44,True
qwen3-4b,DIP,DIP_47,HARD,KOTLIN,False,SRP,DIP,1.34,True
qwen3-4b,DIP,DIP_48,HARD,C#,False,SRP,DIP,1.3,True
qwen3-8b,LSP,LSP_1,EASY,JAVA,False,,LSP,4.96,True
qwen3-8b,LSP,LSP_2,EASY,PYTHON,True,LSP,LSP,1.48,True
qwen3-8b,LSP,LSP_3,EASY,KOTLIN,False,,LSP,0.85,True
qwen3-8b,LSP,LSP_4,EASY,C#,True,LSP,LSP,1.39,True
qwen3-8b,LSP,LSP_5,MODERATE,JAVA,False,,LSP,1.14,True
qwen3-8b,LSP,LSP_6,MODERATE,PYTHON,False,,LSP,0.97,True
qwen3-8b,LSP,LSP_7,MODERATE,KOTLIN,False,,LSP,0.98,True
qwen3-8b,LSP,LSP_8,MODERATE,C#,False,,LSP,1.0,True
qwen3-8b,LSP,LSP_9,HARD,JAVA,False,,LSP,1.59,True
qwen3-8b,LSP,LSP_10,HARD,PYTHON,False,,LSP,1.59,True
qwen3-8b,LSP,LSP_11,HARD,KOTLIN,False,,LSP,1.48,True
qwen3-8b,LSP,LSP_12,HARD,C#,False,,LSP,1.59,True
qwen3-8b,LSP,LSP_13,EASY,JAVA,False,,LSP,0.89,True
qwen3-8b,LSP,LSP_14,EASY,PYTHON,False,,LSP,0.88,True
qwen3-8b,LSP,LSP_15,EASY,KOTLIN,False,,LSP,0.88,True
qwen3-8b,LSP,LSP_16,EASY,C#,True,LSP,LSP,1.75,True
qwen3-8b,LSP,LSP_17,MODERATE,JAVA,True,LSP,LSP,1.65,True
qwen3-8b,LSP,LSP_18,MODERATE,PYTHON,False,ISP,LSP,1.72,True
qwen3-8b,LSP,LSP_19,MODERATE,KOTLIN,True,LSP,LSP,1.62,True
qwen3-8b,LSP,LSP_20,MODERATE,C#,False,ISP,LSP,2.2,True
qwen3-8b,LSP,LSP_21,HARD,JAVA,False,,LSP,1.6,True
qwen3-8b,LSP,LSP_22,HARD,PYTHON,False,,LSP,1.53,True
qwen3-8b,LSP,LSP_23,HARD,KOTLIN,False,SRP,LSP,2.59,True
qwen3-8b,LSP,LSP_24,HARD,C#,False,ISP,LSP,2.67,True
qwen3-8b,LSP,LSP_25,EASY,JAVA,False,,LSP,0.91,True
qwen3-8b,LSP,LSP_26,EASY,PYTHON,False,DIP,LSP,1.33,True
qwen3-8b,LSP,LSP_27,EASY,KOTLIN,False,OCP,LSP,1.42,True
qwen3-8b,LSP,LSP_28,EASY,C#,False,,LSP,0.95,True
qwen3-8b,LSP,LSP_29,MODERATE,JAVA,False,ISP,LSP,1.9,True
qwen3-8b,LSP,LSP_30,MODERATE,PYTHON,True,LSP,LSP,2.45,True
qwen3-8b,LSP,LSP_31,MODERATE,KOTLIN,False,,LSP,1.17,True
qwen3-8b,LSP,LSP_32,MODERATE,C#,True,LSP,LSP,2.75,True
qwen3-8b,LSP,LSP_33,HARD,JAVA,True,LSP,LSP,2.29,True
qwen3-8b,LSP,LSP_34,HARD,PYTHON,True,LSP,LSP,2.59,True
qwen3-8b,LSP,LSP_35,HARD,KOTLIN,True,LSP,LSP,2.83,True
qwen3-8b,LSP,LSP_36,HARD,C#,True,LSP,LSP,2.75,True
qwen3-8b,LSP,LSP_37,EASY,JAVA,False,,LSP,0.85,True
qwen3-8b,LSP,LSP_38,EASY,PYTHON,False,,LSP,0.88,True
qwen3-8b,LSP,LSP_39,EASY,KOTLIN,False,,LSP,0.85,True
qwen3-8b,LSP,LSP_40,EASY,C#,False,,LSP,0.88,True
qwen3-8b,LSP,LSP_41,MODERATE,JAVA,True,LSP,LSP,1.97,True
qwen3-8b,LSP,LSP_42,MODERATE,PYTHON,False,,LSP,0.93,True
qwen3-8b,LSP,LSP_43,MODERATE,KOTLIN,True,LSP,LSP,1.49,True
qwen3-8b,LSP,LSP_44,MODERATE,C#,True,LSP,LSP,1.8,True
qwen3-8b,LSP,LSP_45,HARD,JAVA,True,LSP,LSP,2.02,True
qwen3-8b,LSP,LSP_46,HARD,PYTHON,True,LSP,LSP,1.98,True
qwen3-8b,LSP,LSP_47,HARD,KOTLIN,True,LSP,LSP,1.89,True
qwen3-8b,LSP,LSP_48,HARD,C#,True,LSP,LSP,2.02,True
qwen3-8b,SRP,SRP_1,EASY,JAVA,True,SRP,SRP,1.27,True
qwen3-8b,SRP,SRP_2,EASY,JAVA,False,,SRP,0.83,True
qwen3-8b,SRP,SRP_3,EASY,JAVA,False,,SRP,0.83,True
qwen3-8b,SRP,SRP_4,EASY,JAVA,False,,SRP,0.81,True
qwen3-8b,SRP,SRP_5,MODERATE,JAVA,True,SRP,SRP,1.81,True
qwen3-8b,SRP,SRP_6,MODERATE,JAVA,True,SRP,SRP,2.06,True
qwen3-8b,SRP,SRP_7,MODERATE,JAVA,True,SRP,SRP,2.1,True
qwen3-8b,SRP,SRP_8,MODERATE,JAVA,True,SRP,SRP,1.77,True
qwen3-8b,SRP,SRP_9,HARD,JAVA,True,SRP,SRP,2.65,True
qwen3-8b,SRP,SRP_10,HARD,JAVA,True,SRP,SRP,2.67,True
qwen3-8b,SRP,SRP_11,HARD,JAVA,True,SRP,SRP,2.77,True
qwen3-8b,SRP,SRP_12,HARD,JAVA,True,SRP,SRP,3.11,True
qwen3-8b,SRP,SRP_13,EASY,PYTHON,False,,SRP,0.81,True
qwen3-8b,SRP,SRP_14,EASY,PYTHON,False,,SRP,0.83,True
qwen3-8b,SRP,SRP_15,EASY,PYTHON,False,,SRP,0.84,True
qwen3-8b,SRP,SRP_16,EASY,PYTHON,False,,SRP,0.82,True
qwen3-8b,SRP,SRP_17,MODERATE,PYTHON,True,SRP,SRP,1.75,True
qwen3-8b,SRP,SRP_18,MODERATE,PYTHON,True,SRP,SRP,2.03,True
qwen3-8b,SRP,SRP_19,MODERATE,PYTHON,True,SRP,SRP,2.11,True
qwen3-8b,SRP,SRP_20,MODERATE,PYTHON,True,SRP,SRP,1.72,True
qwen3-8b,SRP,SRP_21,HARD,PYTHON,True,SRP,SRP,2.48,True
qwen3-8b,SRP,SRP_22,HARD,PYTHON,True,SRP,SRP,2.78,True
qwen3-8b,SRP,SRP_23,HARD,PYTHON,True,SRP,SRP,2.52,True
qwen3-8b,SRP,SRP_24,HARD,PYTHON,True,SRP,SRP,2.78,True
qwen3-8b,SRP,SRP_25,EASY,KOTLIN,False,,SRP,0.81,True
qwen3-8b,SRP,SRP_26,EASY,KOTLIN,False,,SRP,0.82,True
qwen3-8b,SRP,SRP_27,EASY,KOTLIN,False,,SRP,0.83,True
qwen3-8b,SRP,SRP_28,EASY,KOTLIN,False,,SRP,0.83,True
qwen3-8b,SRP,SRP_29,MODERATE,KOTLIN,True,SRP,SRP,1.8,True
qwen3-8b,SRP,SRP_30,MODERATE,KOTLIN,True,SRP,SRP,1.99,True
qwen3-8b,SRP,SRP_31,MODERATE,KOTLIN,True,SRP,SRP,2.09,True
qwen3-8b,SRP,SRP_32,MODERATE,KOTLIN,True,SRP,SRP,1.74,True
qwen3-8b,SRP,SRP_33,HARD,KOTLIN,True,SRP,SRP,2.38,True
qwen3-8b,SRP,SRP_34,HARD,KOTLIN,True,SRP,SRP,2.56,True
qwen3-8b,SRP,SRP_35,HARD,KOTLIN,True,SRP,SRP,2.56,True
qwen3-8b,SRP,SRP_36,HARD,KOTLIN,True,SRP,SRP,2.94,True
qwen3-8b,SRP,SRP_37,EASY,CSHARP,True,SRP,SRP,1.3,True
qwen3-8b,SRP,SRP_38,EASY,CSHARP,False,,SRP,0.84,True
qwen3-8b,SRP,SRP_39,EASY,CSHARP,True,SRP,SRP,1.41,True
qwen3-8b,SRP,SRP_40,EASY,CSHARP,False,,SRP,0.82,True
qwen3-8b,SRP,SRP_41,MODERATE,CSHARP,True,SRP,SRP,1.8,True
qwen3-8b,SRP,SRP_42,MODERATE,CSHARP,True,SRP,SRP,2.05,True
qwen3-8b,SRP,SRP_43,MODERATE,CSHARP,True,SRP,SRP,2.07,True
qwen3-8b,SRP,SRP_44,MODERATE,CSHARP,True,SRP,SRP,1.76,True
qwen3-8b,SRP,SRP_45,HARD,CSHARP,True,SRP,SRP,2.55,True
qwen3-8b,SRP,SRP_46,HARD,CSHARP,True,SRP,SRP,2.63,True
qwen3-8b,SRP,SRP_47,HARD,CSHARP,True,SRP,SRP,2.62,True
qwen3-8b,SRP,SRP_48,HARD,CSHARP,True,SRP,SRP,3.07,True
qwen3-8b,OCP,OCP_1,EASY,CSHARP,False,LSP,OCP,1.7,True
qwen3-8b,OCP,OCP_2,EASY,CSHARP,True,OCP,OCP,1.53,True
qwen3-8b,OCP,OCP_3,EASY,CSHARP,True,OCP,OCP,1.53,True
qwen3-8b,OCP,OCP_4,EASY,CSHARP,True,OCP,OCP,1.63,True
qwen3-8b,OCP,OCP_5,HARD,CSHARP,True,OCP,OCP,3.31,True
qwen3-8b,OCP,OCP_6,HARD,CSHARP,False,SRP,OCP,2.7,True
qwen3-8b,OCP,OCP_7,HARD,CSHARP,False,,OCP,2.57,True
qwen3-8b,OCP,OCP_8,HARD,CSHARP,False,SRP,OCP,3.02,True
qwen3-8b,OCP,OCP_9,MODERATE,CSHARP,True,OCP,OCP,1.88,True
qwen3-8b,OCP,OCP_10,MODERATE,CSHARP,False,SRP,OCP,1.48,True
qwen3-8b,OCP,OCP_11,MODERATE,CSHARP,False,SRP,OCP,2.67,True
qwen3-8b,OCP,OCP_12,MODERATE,CSHARP,False,SRP,OCP,2.72,True
qwen3-8b,OCP,OCP_13,EASY,JAVA,False,LSP,OCP,1.52,True
qwen3-8b,OCP,OCP_14,EASY,JAVA,True,OCP,OCP,1.61,True
qwen3-8b,OCP,OCP_15,EASY,JAVA,True,OCP,OCP,1.93,True
qwen3-8b,OCP,OCP_16,EASY,JAVA,True,OCP,OCP,1.51,True
qwen3-8b,OCP,OCP_17,HARD,JAVA,True,OCP,OCP,3.23,True
qwen3-8b,OCP,OCP_18,HARD,JAVA,False,SRP,OCP,2.49,True
qwen3-8b,OCP,OCP_19,HARD,JAVA,False,SRP,OCP,3.44,True
qwen3-8b,OCP,OCP_20,HARD,JAVA,False,SRP,OCP,2.94,True
qwen3-8b,OCP,OCP_21,MODERATE,JAVA,True,OCP,OCP,2.22,True
qwen3-8b,OCP,OCP_22,MODERATE,JAVA,True,OCP,OCP,1.54,True
qwen3-8b,OCP,OCP_23,MODERATE,JAVA,True,OCP,OCP,2.61,True
qwen3-8b,OCP,OCP_24,MODERATE,JAVA,False,SRP,OCP,2.71,True
qwen3-8b,OCP,OCP_25,EASY,KOTLIN,False,LSP,OCP,1.74,True
qwen3-8b,OCP,OCP_26,EASY,KOTLIN,True,OCP,OCP,1.6,True
qwen3-8b,OCP,OCP_27,EASY,KOTLIN,True,OCP,OCP,1.79,True
qwen3-8b,OCP,OCP_28,EASY,KOTLIN,False,SRP,OCP,1.34,True
qwen3-8b,OCP,OCP_29,HARD,KOTLIN,True,OCP,OCP,2.68,True
qwen3-8b,OCP,OCP_30,HARD,KOTLIN,False,SRP,OCP,2.16,True
qwen3-8b,OCP,OCP_31,HARD,KOTLIN,False,SRP,OCP,3.9,True
qwen3-8b,OCP,OCP_32,HARD,KOTLIN,False,SRP,OCP,2.64,True
qwen3-8b,OCP,OCP_33,MODERATE,KOTLIN,False,LSP,OCP,2.12,True
qwen3-8b,OCP,OCP_34,MODERATE,KOTLIN,False,SRP,OCP,1.48,True
qwen3-8b,OCP,OCP_35,MODERATE,KOTLIN,False,SRP,OCP,3.17,True
qwen3-8b,OCP,OCP_36,MODERATE,KOTLIN,False,SRP,OCP,2.35,True
qwen3-8b,OCP,OCP_37,EASY,PYTHON,True,OCP,OCP,1.41,True
qwen3-8b,OCP,OCP_38,EASY,PYTHON,True,OCP,OCP,1.33,True
qwen3-8b,OCP,OCP_39,EASY,PYTHON,True,OCP,OCP,1.68,True
qwen3-8b,OCP,OCP_40,EASY,PYTHON,True,OCP,OCP,1.51,True
qwen3-8b,OCP,OCP_41,HARD,PYTHON,True,OCP,OCP,2.76,True
qwen3-8b,OCP,OCP_42,HARD,PYTHON,False,SRP,OCP,2.29,True
qwen3-8b,OCP,OCP_43,HARD,PYTHON,True,OCP,OCP,3.67,True
qwen3-8b,OCP,OCP_44,HARD,PYTHON,True,OCP,OCP,2.91,True
qwen3-8b,OCP,OCP_45,MODERATE,PYTHON,True,OCP,OCP,1.72,True
qwen3-8b,OCP,OCP_46,MODERATE,PYTHON,True,OCP,OCP,1.59,True
qwen3-8b,OCP,OCP_47,MODERATE,PYTHON,True,OCP,OCP,3.04,True
qwen3-8b,OCP,OCP_48,MODERATE,PYTHON,False,SRP,OCP,2.44,True
qwen3-8b,ISP,ISP_1,EASY,CSHARP,True,ISP,ISP,1.93,True
qwen3-8b,ISP,ISP_2,EASY,CSHARP,True,ISP,ISP,1.89,True
qwen3-8b,ISP,ISP_3,EASY,CSHARP,True,ISP,ISP,1.98,True
qwen3-8b,ISP,ISP_4,EASY,CSHARP,True,ISP,ISP,1.51,True
qwen3-8b,ISP,ISP_5,HARD,CSHARP,True,ISP,ISP,2.58,True
qwen3-8b,ISP,ISP_6,HARD,CSHARP,True,ISP,ISP,2.57,True
qwen3-8b,ISP,ISP_7,HARD,CSHARP,True,ISP,ISP,3.22,True
qwen3-8b,ISP,ISP_8,HARD,CSHARP,True,ISP,ISP,2.21,True
qwen3-8b,ISP,ISP_9,MODERATE,CSHARP,True,ISP,ISP,2.5,True
qwen3-8b,ISP,ISP_10,MODERATE,CSHARP,True,ISP,ISP,2.41,True
qwen3-8b,ISP,ISP_11,MODERATE,CSHARP,True,ISP,ISP,1.54,True
qwen3-8b,ISP,ISP_12,MODERATE,CSHARP,True,ISP,ISP,2.25,True
qwen3-8b,ISP,ISP_13,EASY,JAVA,True,ISP,ISP,1.96,True
qwen3-8b,ISP,ISP_14,EASY,JAVA,True,ISP,ISP,1.87,True
qwen3-8b,ISP,ISP_15,EASY,JAVA,True,ISP,ISP,2.08,True
qwen3-8b,ISP,ISP_16,EASY,JAVA,True,ISP,ISP,1.2,True
qwen3-8b,ISP,ISP_17,HARD,JAVA,True,ISP,ISP,2.48,True
qwen3-8b,ISP,ISP_18,HARD,JAVA,True,ISP,ISP,2.73,True
qwen3-8b,ISP,ISP_19,HARD,JAVA,True,ISP,ISP,2.77,True
qwen3-8b,ISP,ISP_20,HARD,JAVA,True,ISP,ISP,2.16,True
qwen3-8b,ISP,ISP_21,MODERATE,JAVA,True,ISP,ISP,2.45,True
qwen3-8b,ISP,ISP_22,MODERATE,JAVA,True,ISP,ISP,2.08,True
qwen3-8b,ISP,ISP_23,MODERATE,JAVA,True,ISP,ISP,1.48,True
qwen3-8b,ISP,ISP_24,MODERATE,JAVA,True,ISP,ISP,2.0,True
qwen3-8b,ISP,ISP_25,EASY,KOTLIN,True,ISP,ISP,1.69,True
qwen3-8b,ISP,ISP_26,EASY,KOTLIN,False,LSP,ISP,1.53,True
qwen3-8b,ISP,ISP_27,EASY,KOTLIN,True,ISP,ISP,1.79,True
qwen3-8b,ISP,ISP_28,EASY,KOTLIN,True,ISP,ISP,1.38,True
qwen3-8b,ISP,ISP_29,HARD,KOTLIN,True,ISP,ISP,2.99,True
qwen3-8b,ISP,ISP_30,HARD,KOTLIN,True,ISP,ISP,2.57,True
qwen3-8b,ISP,ISP_31,HARD,KOTLIN,True,ISP,ISP,2.61,True
qwen3-8b,ISP,ISP_32,HARD,KOTLIN,True,ISP,ISP,2.05,True
qwen3-8b,ISP,ISP_33,MODERATE,KOTLIN,True,ISP,ISP,1.93,True
qwen3-8b,ISP,ISP_34,MODERATE,KOTLIN,True,ISP,ISP,2.35,True
qwen3-8b,ISP,ISP_35,MODERATE,KOTLIN,True,ISP,ISP,1.48,True
qwen3-8b,ISP,ISP_36,MODERATE,KOTLIN,True,ISP,ISP,1.75,True
qwen3-8b,ISP,ISP_37,EASY,PYTHON,True,ISP,ISP,1.82,True
qwen3-8b,ISP,ISP_38,EASY,PYTHON,True,ISP,ISP,1.57,True
qwen3-8b,ISP,ISP_39,EASY,PYTHON,True,ISP,ISP,1.77,True
qwen3-8b,ISP,ISP_40,EASY,PYTHON,False,LSP,ISP,1.49,True
qwen3-8b,ISP,ISP_41,HARD,PYTHON,True,ISP,ISP,3.38,True
qwen3-8b,ISP,ISP_42,HARD,PYTHON,True,ISP,ISP,2.6,True
qwen3-8b,ISP,ISP_43,HARD,PYTHON,True,ISP,ISP,2.79,True
qwen3-8b,ISP,ISP_44,HARD,PYTHON,True,ISP,ISP,2.57,True
qwen3-8b,ISP,ISP_45,MODERATE,PYTHON,True,ISP,ISP,2.25,True
qwen3-8b,ISP,ISP_46,MODERATE,PYTHON,True,ISP,ISP,2.37,True
qwen3-8b,ISP,ISP_47,MODERATE,PYTHON,True,ISP,ISP,2.13,True
qwen3-8b,ISP,ISP_48,MODERATE,PYTHON,True,ISP,ISP,1.96,True
qwen3-8b,DIP,DIP_1,EASY,JAVA,True,DIP,DIP,1.29,True
qwen3-8b,DIP,DIP_2,EASY,PYTHON,True,DIP,DIP,1.3,True
qwen3-8b,DIP,DIP_3,EASY,KOTLIN,True,DIP,DIP,1.28,True
qwen3-8b,DIP,DIP_4,EASY,C#,True,DIP,DIP,1.29,True
qwen3-8b,DIP,DIP_5,MODERATE,JAVA,False,SRP,DIP,1.45,True
qwen3-8b,DIP,DIP_6,MODERATE,PYTHON,False,SRP,DIP,1.46,True
qwen3-8b,DIP,DIP_7,MODERATE,KOTLIN,False,SRP,DIP,1.39,True
qwen3-8b,DIP,DIP_8,MODERATE,C#,False,SRP,DIP,1.49,True
qwen3-8b,DIP,DIP_9,HARD,JAVA,False,SRP,DIP,1.94,True
qwen3-8b,DIP,DIP_10,HARD,PYTHON,False,SRP,DIP,1.88,True
qwen3-8b,DIP,DIP_11,HARD,KOTLIN,False,SRP,DIP,1.81,True
qwen3-8b,DIP,DIP_12,HARD,C#,False,SRP,DIP,1.94,True
qwen3-8b,DIP,DIP_13,EASY,JAVA,False,,DIP,0.79,True
qwen3-8b,DIP,DIP_14,EASY,PYTHON,False,,DIP,0.78,True
qwen3-8b,DIP,DIP_15,EASY,KOTLIN,False,,DIP,0.79,True
qwen3-8b,DIP,DIP_16,EASY,C#,False,,DIP,0.79,True
qwen3-8b,DIP,DIP_17,MODERATE,JAVA,False,OCP,DIP,1.65,True
qwen3-8b,DIP,DIP_18,MODERATE,PYTHON,False,ISP,DIP,1.29,True
qwen3-8b,DIP,DIP_19,MODERATE,KOTLIN,False,ISP,DIP,1.58,True
qwen3-8b,DIP,DIP_20,MODERATE,C#,False,OCP,DIP,1.65,True
qwen3-8b,DIP,DIP_21,HARD,JAVA,False,SRP,DIP,1.91,True
qwen3-8b,DIP,DIP_22,HARD,PYTHON,False,ISP,DIP,2.06,True
qwen3-8b,DIP,DIP_23,HARD,KOTLIN,False,OCP,DIP,2.17,True
qwen3-8b,DIP,DIP_24,HARD,C#,False,OCP,DIP,2.39,True
qwen3-8b,DIP,DIP_25,EASY,JAVA,False,,DIP,0.8,True
qwen3-8b,DIP,DIP_26,EASY,PYTHON,False,,DIP,0.81,True
qwen3-8b,DIP,DIP_27,EASY,KOTLIN,False,SRP,DIP,1.25,True
qwen3-8b,DIP,DIP_28,EASY,C#,False,SRP,DIP,1.39,True
qwen3-8b,DIP,DIP_29,MODERATE,JAVA,False,SRP,DIP,1.63,True
qwen3-8b,DIP,DIP_30,MODERATE,PYTHON,False,SRP,DIP,1.54,True
qwen3-8b,DIP,DIP_31,MODERATE,KOTLIN,False,SRP,DIP,1.59,True
qwen3-8b,DIP,DIP_32,MODERATE,C#,False,SRP,DIP,1.78,True
qwen3-8b,DIP,DIP_33,HARD,JAVA,False,SRP,DIP,1.94,True
qwen3-8b,DIP,DIP_34,HARD,PYTHON,False,SRP,DIP,2.02,True
qwen3-8b,DIP,DIP_35,HARD,KOTLIN,False,SRP,DIP,2.16,True
qwen3-8b,DIP,DIP_36,HARD,C#,False,SRP,DIP,2.24,True
qwen3-8b,DIP,DIP_37,EASY,JAVA,False,,DIP,0.9,True
qwen3-8b,DIP,DIP_38,EASY,PYTHON,False,,DIP,0.8,True
qwen3-8b,DIP,DIP_39,EASY,KOTLIN,False,,DIP,0.82,True
qwen3-8b,DIP,DIP_40,EASY,C#,False,,DIP,0.84,True
qwen3-8b,DIP,DIP_41,MODERATE,JAVA,False,SRP,DIP,1.28,True
qwen3-8b,DIP,DIP_42,MODERATE,PYTHON,False,SRP,DIP,1.44,True
qwen3-8b,DIP,DIP_43,MODERATE,KOTLIN,False,,DIP,0.94,True
qwen3-8b,DIP,DIP_44,MODERATE,C#,False,,DIP,0.92,True
qwen3-8b,DIP,DIP_45,HARD,JAVA,False,SRP,DIP,1.57,True
qwen3-8b,DIP,DIP_46,HARD,PYTHON,False,SRP,DIP,1.75,True
qwen3-8b,DIP,DIP_47,HARD,KOTLIN,False,SRP,DIP,1.53,True
qwen3-8b,DIP,DIP_48,HARD,C#,False,SRP,DIP,1.58,True
